{"stats":{"minecraft:used":{"minecraft:oak_fence":110,"minecraft:stone_shovel":575,"minecraft:chest":12,"minecraft:shield":1,"minecraft:stone_hoe":41,"minecraft:oak_door":5,"minecraft:torch":3,"minecraft:dirt":153,"minecraft:mutton":5,"minecraft:carrot":35,"minecraft:oak_fence_gate":2,"minecraft:lantern":2,"minecraft:stone_bricks":2,"minecraft:beef":4,"minecraft:furnace":4,"minecraft:oak_sapling":5,"minecraft:cooked_beef":9,"minecraft:potato":9,"minecraft:wheat_seeds":6,"minecraft:cooked_mutton":11,"minecraft:water_bucket":9,"minecraft:stone_pickaxe":149,"minecraft:oak_planks":383,"minecraft:wooden_pickaxe":18,"minecraft:leather_chestplate":1,"minecraft:sandstone":129,"minecraft:sugar_cane":11,"minecraft:sand":23,"minecraft:oak_slab":92,"minecraft:crafting_table":10,"minecraft:white_bed":7,"minecraft:cod":1,"minecraft:apple":1,"minecraft:chicken":2,"minecraft:bread":3,"minecraft:golden_helmet":1,"minecraft:stone_axe":516,"minecraft:cobblestone":14,"minecraft:bucket":10,"minecraft:glass_pane":48,"minecraft:oak_boat":8},"minecraft:dropped":{"minecraft:water_bucket":1,"minecraft:stone_hoe":1,"minecraft:wheat_seeds":2,"minecraft:oak_log":33,"minecraft:oak_fence":1,"minecraft:stick":4,"minecraft:dirt":1,"minecraft:torch":19,"minecraft:iron_axe":2,"minecraft:sand":65,"minecraft:iron_pickaxe":3,"minecraft:iron_shovel":1,"minecraft:cooked_chicken":3,"minecraft:stone_shovel":1,"minecraft:cooked_mutton":2,"minecraft:white_bed":2,"minecraft:filled_map":1,"minecraft:oak_boat":2,"minecraft:oak_sapling":1},"minecraft:broken":{"minecraft:stone_pickaxe":1,"minecraft:stone_axe":4,"minecraft:stone_shovel":4},"minecraft:custom":{"minecraft:mob_kills":36,"minecraft:animals_bred":10,"minecraft:interact_with_crafting_table":54,"minecraft:leave_game":1,"minecraft:time_since_death":146279,"minecraft:climb_one_cm":441,"minecraft:sprint_one_cm":331646,"minecraft:walk_one_cm":560210,"minecraft:damage_blocked_by_shield":30,"minecraft:drop":47,"minecraft:play_time":146279,"minecraft:sneak_time":5416,"minecraft:walk_under_water_one_cm":73028,"minecraft:boat_one_cm":215472,"minecraft:jump":2676,"minecraft:walk_on_water_one_cm":85762,"minecraft:total_world_time":146279,"minecraft:interact_with_furnace":40,"minecraft:sleep_in_bed":15,"minecraft:time_since_rest":4540,"minecraft:damage_taken":1622,"minecraft:damage_dealt":2900,"minecraft:swim_one_cm":254557,"minecraft:fly_one_cm":521772,"minecraft:open_chest":47,"minecraft:crouch_one_cm":21660,"minecraft:fall_one_cm":79300},"minecraft:killed":{"minecraft:cod":1,"minecraft:skeleton":1,"minecraft:chicken":2,"minecraft:sheep":12,"minecraft:cow":16},"minecraft:picked_up":{"minecraft:cocoa_beans":3,"minecraft:crafting_table":4,"minecraft:wheat":26,"minecraft:chicken":2,"minecraft:wooden_pickaxe":1,"minecraft:iron_axe":2,"minecraft:iron_shovel":1,"minecraft:beef":30,"minecraft:oak_boat":4,"minecraft:poppy":1,"minecraft:iron_pickaxe":3,"minecraft:light_gray_wool":1,"minecraft:sugar_cane":31,"minecraft:chest":2,"minecraft:furnace":2,"minecraft:stick":12,"minecraft:sandstone":33,"minecraft:oak_door":2,"minecraft:oak_fence":57,"minecraft:torch":33,"minecraft:diorite":10,"minecraft:carrot":21,"minecraft:arrow":2,"minecraft:mutton":16,"minecraft:cod":1,"minecraft:white_wool":10,"minecraft:cobblestone":78,"minecraft:feather":4,"minecraft:water_bucket":1,"minecraft:leather":17,"minecraft:potato":2,"minecraft:oak_log":227,"minecraft:dirt":160,"minecraft:lantern":2,"minecraft:cooked_mutton":2,"minecraft:bone":1,"minecraft:apple":2,"minecraft:stone_bricks":2,"minecraft:wheat_seeds":54,"minecraft:stone_pickaxe":1,"minecraft:cooked_chicken":3,"minecraft:oak_planks":38,"minecraft:oak_slab":81,"minecraft:gravel":8,"minecraft:sand":562,"minecraft:white_bed":6,"minecraft:bread":11,"minecraft:oak_sapling":8,"minecraft:black_wool":1,"minecraft:coal":30},"minecraft:crafted":{"minecraft:oak_door":3,"minecraft:oak_planks":624,"minecraft:stone_shovel":7,"minecraft:furnace":2,"minecraft:cooked_mutton":11,"minecraft:glass_pane":48,"minecraft:glass":19,"minecraft:stone_pickaxe":3,"minecraft:chest":10,"minecraft:stone_hoe":1,"minecraft:oak_fence":54,"minecraft:cooked_beef":9,"minecraft:oak_slab":12,"minecraft:crafting_table":6,"minecraft:bucket":1,"minecraft:stone_axe":5,"minecraft:bread":2,"minecraft:air":0,"minecraft:oak_fence_gate":2,"minecraft:oak_boat":6,"minecraft:shield":1,"minecraft:stick":73,"minecraft:iron_ingot":1,"minecraft:iron_pickaxe":1,"minecraft:sandstone":100,"minecraft:white_bed":2,"minecraft:torch":24},"minecraft:mined":{"minecraft:white_bed":5,"minecraft:farmland":6,"minecraft:oak_door":2,"minecraft:grass_block":73,"minecraft:sandstone":43,"minecraft:furnace":1,"minecraft:carrots":9,"minecraft:suspicious_sand":1,"minecraft:potatoes":2,"minecraft:stone":78,"minecraft:oak_slab":74,"minecraft:glass_pane":1,"minecraft:oak_fence":56,"minecraft:crafting_table":4,"minecraft:short_grass":31,"minecraft:poppy":1,"minecraft:chest":2,"minecraft:tall_grass":33,"minecraft:sugar_cane":20,"minecraft:oak_planks":41,"minecraft:diorite":10,"minecraft:seagrass":1,"minecraft:wheat":20,"minecraft:coal_ore":30,"minecraft:oak_log":232,"minecraft:cocoa":1,"minecraft:gravel":8,"minecraft:sand":502,"minecraft:dirt":85,"minecraft:stone_bricks":2,"minecraft:oak_leaves":47,"minecraft:fern":1}},"DataVersion":3700}