{"stats":{"minecraft:killed_by":{"minecraft:player":5},"minecraft:used":{"minecraft:oak_fence":110,"minecraft:stone_shovel":580,"minecraft:chest":17,"minecraft:shield":2,"minecraft:iron_sword":13,"minecraft:wooden_shovel":61,"minecraft:stone_hoe":74,"minecraft:oak_door":5,"minecraft:torch":3,"minecraft:dirt":234,"minecraft:mutton":5,"minecraft:carrot":68,"minecraft:oak_fence_gate":2,"minecraft:lantern":2,"minecraft:stone_bricks":2,"minecraft:beef":4,"minecraft:oak_sapling":5,"minecraft:furnace":6,"minecraft:gold_block":1,"minecraft:cooked_beef":14,"minecraft:potato":16,"minecraft:wheat_seeds":36,"minecraft:cooked_mutton":12,"minecraft:water_bucket":10,"minecraft:stone_pickaxe":195,"minecraft:oak_planks":538,"minecraft:wooden_pickaxe":18,"minecraft:leather_chestplate":1,"minecraft:sandstone":170,"minecraft:sugar_cane":11,"minecraft:golden_apple":1,"minecraft:sand":23,"minecraft:oak_slab":92,"minecraft:crafting_table":12,"minecraft:white_bed":7,"minecraft:cod":1,"minecraft:diamond_pickaxe":3,"minecraft:apple":1,"minecraft:chicken":2,"minecraft:bread":5,"minecraft:iron_pickaxe":1,"minecraft:golden_helmet":1,"minecraft:stone_axe":616,"minecraft:cobblestone":30,"minecraft:bucket":11,"minecraft:glass_pane":192,"minecraft:oak_boat":8,"minecraft:bone_meal":6},"minecraft:dropped":{"minecraft:water_bucket":1,"minecraft:stone_hoe":1,"minecraft:wheat_seeds":2,"minecraft:oak_log":33,"minecraft:oak_fence":1,"minecraft:spruce_stairs":1,"minecraft:coal":5,"minecraft:stick":4,"minecraft:dirt":1,"minecraft:torch":19,"minecraft:sunflower":6,"minecraft:iron_axe":2,"minecraft:sand":65,"minecraft:iron_pickaxe":3,"minecraft:iron_shovel":1,"minecraft:cooked_chicken":3,"minecraft:golden_chestplate":1,"minecraft:stone_shovel":3,"minecraft:cooked_mutton":2,"minecraft:white_bed":2,"minecraft:suspicious_stew":1,"minecraft:filled_map":1,"minecraft:oak_boat":2,"minecraft:oak_sapling":1},"minecraft:broken":{"minecraft:wooden_shovel":1,"minecraft:stone_pickaxe":1,"minecraft:stone_axe":5,"minecraft:stone_shovel":4},"minecraft:custom":{"minecraft:mob_kills":46,"minecraft:animals_bred":12,"minecraft:interact_with_crafting_table":65,"minecraft:leave_game":5,"minecraft:time_since_death":2343,"minecraft:climb_one_cm":441,"minecraft:sprint_one_cm":516113,"minecraft:walk_one_cm":799340,"minecraft:damage_blocked_by_shield":60,"minecraft:drop":54,"minecraft:damage_dealt_absorbed":40,"minecraft:play_time":199024,"minecraft:deaths":5,"minecraft:sneak_time":9225,"minecraft:walk_under_water_one_cm":137347,"minecraft:boat_one_cm":215472,"minecraft:jump":3571,"minecraft:walk_on_water_one_cm":95600,"minecraft:total_world_time":199024,"minecraft:interact_with_furnace":51,"minecraft:sleep_in_bed":22,"minecraft:time_since_rest":2361,"minecraft:damage_taken":3717,"minecraft:damage_absorbed":40,"minecraft:damage_dealt":4671,"minecraft:player_kills":4,"minecraft:swim_one_cm":299779,"minecraft:fly_one_cm":675811,"minecraft:open_chest":135,"minecraft:crouch_one_cm":30001,"minecraft:fall_one_cm":111820},"minecraft:killed":{"minecraft:spider":1,"minecraft:cod":1,"minecraft:skeleton":2,"minecraft:chicken":2,"minecraft:sheep":15,"minecraft:cow":19},"minecraft:picked_up":{"minecraft:wooden_axe":1,"minecraft:cocoa_beans":9,"minecraft:crafting_table":6,"minecraft:wheat":28,"minecraft:chicken":2,"minecraft:suspicious_stew":1,"minecraft:smithing_table":1,"minecraft:wooden_pickaxe":3,"minecraft:gold_block":8,"minecraft:shield":3,"minecraft:string":1,"minecraft:raw_copper":6,"minecraft:iron_axe":3,"minecraft:iron_shovel":2,"minecraft:glass_pane":14,"minecraft:diamond_leggings":2,"minecraft:bucket":1,"minecraft:beef":39,"minecraft:oak_boat":4,"minecraft:rose_bush":1,"minecraft:poppy":3,"minecraft:iron_pickaxe":5,"minecraft:light_gray_wool":2,"minecraft:melon_slice":38,"minecraft:chest":5,"minecraft:sugar_cane":111,"minecraft:furnace":4,"minecraft:golden_helmet":2,"minecraft:stick":26,"minecraft:sandstone":41,"minecraft:oak_door":2,"minecraft:oak_fence":59,"minecraft:torch":45,"minecraft:bowl":1,"minecraft:spruce_stairs":2,"minecraft:diorite":17,"minecraft:carrot":95,"minecraft:golden_chestplate":4,"minecraft:stone_sword":2,"minecraft:diamond_chestplate":1,"minecraft:arrow":5,"minecraft:rotten_flesh":41,"minecraft:hay_block":11,"minecraft:mutton":24,"minecraft:cod":1,"minecraft:white_wool":16,"minecraft:cobblestone":220,"minecraft:stripped_oak_log":6,"minecraft:leather_chestplate":2,"minecraft:feather":12,"minecraft:cooked_beef":2,"minecraft:birch_slab":12,"minecraft:water_bucket":3,"minecraft:leather":24,"minecraft:potato":9,"minecraft:flint":5,"minecraft:oak_log":255,"minecraft:dirt":271,"minecraft:lantern":2,"minecraft:cooked_mutton":3,"minecraft:glass":97,"minecraft:bone":3,"minecraft:apple":6,"minecraft:stone_bricks":59,"minecraft:wheat_seeds":139,"minecraft:raw_gold":9,"minecraft:iron_ingot":4,"minecraft:stone_pickaxe":10,"minecraft:cooked_chicken":3,"minecraft:stone_hoe":1,"minecraft:iron_sword":2,"minecraft:oak_planks":127,"minecraft:book":24,"minecraft:oak_slab":81,"minecraft:poisonous_potato":2,"minecraft:gravel":16,"minecraft:sand":888,"minecraft:blast_furnace":1,"minecraft:white_bed":6,"minecraft:spider_eye":1,"minecraft:diamond":28,"minecraft:stone_axe":1,"minecraft:golden_apple":1,"minecraft:gray_wool":1,"minecraft:bread":66,"minecraft:oak_sapling":8,"minecraft:black_wool":2,"minecraft:coal":49,"minecraft:diamond_pickaxe":2,"minecraft:sunflower":12},"minecraft:crafted":{"minecraft:oak_door":3,"minecraft:oak_planks":724,"minecraft:stone_shovel":7,"minecraft:furnace":2,"minecraft:bone_meal":6,"minecraft:cooked_mutton":11,"minecraft:glass_pane":192,"minecraft:glass":19,"minecraft:stone_pickaxe":3,"minecraft:chest":12,"minecraft:stone_hoe":2,"minecraft:oak_fence":54,"minecraft:cooked_beef":14,"minecraft:oak_slab":12,"minecraft:wooden_shovel":1,"minecraft:crafting_table":6,"minecraft:bucket":1,"minecraft:stone_axe":5,"minecraft:bread":2,"minecraft:air":0,"minecraft:oak_fence_gate":2,"minecraft:oak_boat":6,"minecraft:golden_apple":1,"minecraft:shield":1,"minecraft:stick":73,"minecraft:iron_ingot":1,"minecraft:iron_pickaxe":1,"minecraft:gold_ingot":9,"minecraft:sandstone":164,"minecraft:white_bed":2,"minecraft:torch":24},"minecraft:mined":{"minecraft:white_bed":5,"minecraft:farmland":7,"minecraft:oak_door":2,"minecraft:grass_block":135,"minecraft:sandstone":48,"minecraft:furnace":3,"minecraft:carrots":30,"minecraft:suspicious_sand":1,"minecraft:gold_block":1,"minecraft:potatoes":4,"minecraft:stone":93,"minecraft:oak_slab":74,"minecraft:glass_pane":7,"minecraft:oak_fence":56,"minecraft:crafting_table":5,"minecraft:short_grass":34,"minecraft:poppy":1,"minecraft:chest":5,"minecraft:tall_grass":35,"minecraft:oak_planks":116,"minecraft:sugar_cane":20,"minecraft:diorite":13,"minecraft:seagrass":1,"minecraft:wheat":22,"minecraft:oak_log":232,"minecraft:coal_ore":44,"minecraft:cocoa":1,"minecraft:gravel":9,"minecraft:sand":507,"minecraft:dirt":129,"minecraft:stone_bricks":2,"minecraft:oak_leaves":47,"minecraft:fern":1}},"DataVersion":3700}