{"stats":{"minecraft:used":{"minecraft:wooden_axe":30,"minecraft:stone_sword":3,"minecraft:stone_pickaxe":31,"minecraft:wooden_pickaxe":3,"minecraft:dirt":16,"minecraft:cobblestone":3,"minecraft:crafting_table":4,"minecraft:furnace":1,"minecraft:oak_sapling":2},"minecraft:custom":{"minecraft:time_since_rest":27204,"minecraft:interact_with_furnace":1,"minecraft:sprint_one_cm":7596,"minecraft:damage_taken":160,"minecraft:walk_one_cm":44528,"minecraft:mob_kills":1,"minecraft:damage_dealt":40,"minecraft:swim_one_cm":487,"minecraft:interact_with_crafting_table":5,"minecraft:fly_one_cm":13233,"minecraft:crouch_one_cm":629,"minecraft:play_time":27204,"minecraft:sneak_time":119,"minecraft:walk_under_water_one_cm":4966,"minecraft:jump":242,"minecraft:leave_game":3,"minecraft:walk_on_water_one_cm":2415,"minecraft:time_since_death":27204,"minecraft:climb_one_cm":596,"minecraft:total_world_time":27204,"minecraft:fall_one_cm":8373},"minecraft:killed":{"minecraft:chicken":1},"minecraft:picked_up":{"minecraft:crafting_table":3,"minecraft:raw_iron":2,"minecraft:feather":1,"minecraft:chicken":1,"minecraft:oak_log":4,"minecraft:stripped_birch_log":11,"minecraft:dirt":16,"minecraft:oak_sapling":2,"minecraft:coal":4,"minecraft:cobblestone":19},"minecraft:crafted":{"minecraft:oak_planks":16,"minecraft:crafting_table":1,"minecraft:stick":12,"minecraft:wooden_pickaxe":1,"minecraft:stone_pickaxe":1,"minecraft:wooden_axe":1,"minecraft:stone_sword":1,"minecraft:furnace":1},"minecraft:mined":{"minecraft:iron_ore":2,"minecraft:stripped_birch_log":11,"minecraft:birch_leaves":5,"minecraft:crafting_table":3,"minecraft:short_grass":1,"minecraft:oak_log":4,"minecraft:grass_block":11,"minecraft:coal_ore":4,"minecraft:dirt":5,"minecraft:stone":19,"minecraft:oak_leaves":3}},"DataVersion":3700}