{"stats":{"minecraft:crafted":{"minecraft:cooked_beef":12,"minecraft:cooked_porkchop":13,"minecraft:crafting_table":1,"minecraft:stick":8,"minecraft:wooden_pickaxe":1,"minecraft:stone_pickaxe":1,"minecraft:furnace":1,"minecraft:white_bed":1,"minecraft:birch_planks":64,"minecraft:stone_axe":2,"minecraft:cooked_mutton":12,"minecraft:air":0,"minecraft:jungle_planks":48},"minecraft:dropped":{"minecraft:cooked_mutton":2},"minecraft:mined":{"minecraft:white_bed":1,"minecraft:furnace":1,"minecraft:birch_log":47,"minecraft:lilac":2,"minecraft:jungle_leaves":2,"minecraft:birch_leaves":3,"minecraft:crafting_table":3,"minecraft:short_grass":3,"minecraft:grass_block":4,"minecraft:jungle_log":12,"minecraft:dirt":16,"minecraft:stone":37,"minecraft:birch_sapling":1},"minecraft:used":{"minecraft:stone_pickaxe":17,"minecraft:birch_sapling":4,"minecraft:wooden_pickaxe":24,"minecraft:stone_axe":97,"minecraft:dirt":6,"minecraft:crafting_table":3,"minecraft:furnace":1,"minecraft:white_bed":1,"minecraft:cooked_beef":4},"minecraft:custom":{"minecraft:time_since_rest":7654,"minecraft:interact_with_furnace":20,"minecraft:sprint_one_cm":46864,"minecraft:damage_taken":265,"minecraft:walk_one_cm":37837,"minecraft:mob_kills":34,"minecraft:drop":2,"minecraft:damage_dealt":2720,"minecraft:swim_one_cm":6909,"minecraft:interact_with_crafting_table":6,"minecraft:fly_one_cm":45805,"minecraft:crouch_one_cm":140,"minecraft:play_time":34149,"minecraft:sneak_time":16,"minecraft:walk_under_water_one_cm":1812,"minecraft:jump":310,"minecraft:walk_on_water_one_cm":4505,"minecraft:leave_game":6,"minecraft:time_since_death":34149,"minecraft:sleep_in_bed":1,"minecraft:climb_one_cm":1024,"minecraft:total_world_time":34149,"minecraft:fall_one_cm":5674},"minecraft:killed":{"minecraft:sheep":7,"minecraft:wolf":1,"minecraft:zombie":1,"minecraft:pig":11,"minecraft:chicken":5,"minecraft:cow":5},"minecraft:broken":{"minecraft:stone_axe":1},"minecraft:picked_up":{"minecraft:birch_log":47,"minecraft:stick":9,"minecraft:crafting_table":3,"minecraft:feather":6,"minecraft:lilac":2,"minecraft:chicken":5,"minecraft:jungle_log":12,"minecraft:brown_wool":2,"minecraft:leather":6,"minecraft:jungle_planks":8,"minecraft:porkchop":24,"minecraft:white_bed":1,"minecraft:dirt":20,"minecraft:cooked_mutton":1,"minecraft:bone":1,"minecraft:arrow":1,"minecraft:beef":12,"minecraft:gray_wool":1,"minecraft:furnace":1,"minecraft:birch_sapling":24,"minecraft:black_wool":1,"minecraft:mutton":11,"minecraft:white_wool":3,"minecraft:cobblestone":36}},"DataVersion":3700}