{"stats":{"minecraft:mined":{"minecraft:white_bed":1,"minecraft:jungle_leaves":2,"minecraft:crafting_table":4,"minecraft:short_grass":9,"minecraft:grass_block":4,"minecraft:jungle_log":28,"minecraft:birch_sapling":1,"minecraft:furnace":1,"minecraft:birch_log":47,"minecraft:fire":1,"minecraft:lilac":2,"minecraft:birch_leaves":3,"minecraft:mangrove_leaves":7,"minecraft:vine":4,"minecraft:dirt":16,"minecraft:mangrove_log":1,"minecraft:stone":46,"minecraft:fern":2},"minecraft:picked_up":{"minecraft:birch_log":47,"minecraft:crafting_table":4,"minecraft:feather":6,"minecraft:lilac":2,"minecraft:chicken":5,"minecraft:jungle_log":28,"minecraft:brown_wool":2,"minecraft:leather":6,"minecraft:dirt":20,"minecraft:cooked_mutton":1,"minecraft:bone":1,"minecraft:wheat_seeds":2,"minecraft:beef":12,"minecraft:bamboo":6,"minecraft:birch_sapling":24,"minecraft:mangrove_log":1,"minecraft:furnace":1,"minecraft:stick":9,"minecraft:porkchop":29,"minecraft:jungle_planks":8,"minecraft:white_bed":1,"minecraft:rotten_flesh":2,"minecraft:arrow":1,"minecraft:gray_wool":1,"minecraft:black_wool":1,"minecraft:mutton":11,"minecraft:mangrove_propagule":1,"minecraft:white_wool":3,"minecraft:cobblestone":45},"minecraft:dropped":{"minecraft:cooked_mutton":2},"minecraft:crafted":{"minecraft:cooked_beef":12,"minecraft:cooked_porkchop":13,"minecraft:crafting_table":2,"minecraft:wooden_pickaxe":2,"minecraft:furnace":1,"minecraft:mangrove_planks":4,"minecraft:birch_planks":64,"minecraft:stone_axe":3,"minecraft:cooked_mutton":12,"minecraft:air":0,"minecraft:jungle_planks":56,"minecraft:stick":16,"minecraft:stone_pickaxe":2,"minecraft:white_bed":1},"minecraft:used":{"minecraft:stone_pickaxe":17,"minecraft:wooden_pickaxe":33,"minecraft:dirt":7,"minecraft:crafting_table":4,"minecraft:white_bed":1,"minecraft:mangrove_log":2,"minecraft:birch_sapling":4,"minecraft:stone_axe":131,"minecraft:furnace":1,"minecraft:cooked_beef":4},"minecraft:killed":{"minecraft:wolf":1,"minecraft:pig":14,"minecraft:sheep":7,"minecraft:zombie":1,"minecraft:chicken":5,"minecraft:drowned":1,"minecraft:cow":5},"minecraft:broken":{"minecraft:stone_axe":1},"minecraft:custom":{"minecraft:interact_with_furnace":20,"minecraft:mob_kills":38,"minecraft:interact_with_crafting_table":9,"minecraft:leave_game":10,"minecraft:time_since_death":0,"minecraft:sleep_in_bed":1,"minecraft:climb_one_cm":1931,"minecraft:time_since_rest":31,"minecraft:sprint_one_cm":56262,"minecraft:damage_taken":730,"minecraft:walk_one_cm":50332,"minecraft:drop":2,"minecraft:damage_dealt":3287,"minecraft:swim_one_cm":16773,"minecraft:fly_one_cm":190700,"minecraft:crouch_one_cm":140,"minecraft:play_time":54684,"minecraft:deaths":2,"minecraft:sneak_time":42,"minecraft:walk_under_water_one_cm":6720,"minecraft:jump":399,"minecraft:walk_on_water_one_cm":10556,"minecraft:total_world_time":54684,"minecraft:fall_one_cm":7532}},"DataVersion":3700}