{"stats":{"minecraft:killed_by":{"minecraft:player":1,"minecraft:wolf":1,"minecraft:skeleton":1,"minecraft:zombie":1},"minecraft:used":{"minecraft:oak_fence":99,"minecraft:oak_trapdoor":20,"minecraft:acacia_log":1,"minecraft:iron_shovel":1514,"minecraft:stone_shovel":308,"minecraft:oak_sign":1,"minecraft:spruce_planks":249,"minecraft:chest":3,"minecraft:shield":1,"minecraft:stone":33,"minecraft:cooked_salmon":12,"minecraft:player_head":1,"minecraft:cooked_chicken":6,"minecraft:iron_chestplate":1,"minecraft:oak_door":1,"minecraft:torch":34,"minecraft:dirt":1472,"minecraft:mutton":11,"minecraft:cobblestone_wall":20,"minecraft:oak_fence_gate":24,"minecraft:obsidian":16,"minecraft:wooden_axe":4,"minecraft:lava_bucket":4,"minecraft:lantern":5,"minecraft:grass_block":49,"minecraft:iron_axe":683,"minecraft:oak_stairs":21,"minecraft:smooth_sandstone":6,"minecraft:stone_bricks":356,"minecraft:golden_carrot":2,"minecraft:beef":12,"minecraft:goat_horn":6,"minecraft:oak_sapling":50,"minecraft:furnace":5,"minecraft:cooked_beef":9,"minecraft:cobbled_deepslate":7,"minecraft:wheat_seeds":1,"minecraft:short_grass":3,"minecraft:cooked_mutton":27,"minecraft:acacia_boat":3,"minecraft:water_bucket":15,"minecraft:dirt_path":1,"minecraft:birch_planks":1,"minecraft:stone_pickaxe":86,"minecraft:oak_planks":28,"minecraft:wooden_pickaxe":23,"minecraft:glow_ink_sac":1,"minecraft:blue_bed":7,"minecraft:oak_leaves":46,"minecraft:salmon":3,"minecraft:glow_berries":1,"minecraft:sand":1,"minecraft:crafting_table":10,"minecraft:red_bed":7,"minecraft:spruce_log":4,"minecraft:campfire":74,"minecraft:white_bed":6,"minecraft:oak_log":321,"minecraft:diamond_pickaxe":23,"minecraft:red_sandstone":2,"minecraft:bread":7,"minecraft:melon_slice":64,"minecraft:iron_pickaxe":688,"minecraft:spruce_sapling":14,"minecraft:stone_axe":159,"minecraft:fire_charge":1,"minecraft:cobblestone":147,"minecraft:porkchop":2,"minecraft:cooked_porkchop":7,"minecraft:bucket":20,"minecraft:oak_boat":3,"minecraft:bone_meal":35,"minecraft:experience_bottle":1},"minecraft:dropped":{"minecraft:water_bucket":1,"minecraft:oak_slab":1,"minecraft:porkchop":6,"minecraft:wheat_seeds":7,"minecraft:oak_log":18,"minecraft:diamond":1,"minecraft:sandstone_slab":1,"minecraft:saddle":1,"minecraft:acacia_log":2,"minecraft:golden_apple":2,"minecraft:gold_block":7,"minecraft:dirt":13,"minecraft:red_bed":1,"minecraft:torch":34,"minecraft:cut_sandstone":2,"minecraft:cooked_salmon":7,"minecraft:iron_axe":1,"minecraft:sand":11,"minecraft:iron_pickaxe":1,"minecraft:iron_shovel":1,"minecraft:white_wool":12,"minecraft:blue_bed":1,"minecraft:chiseled_sandstone":1,"minecraft:stone_axe":1,"minecraft:player_head":1,"minecraft:cooked_chicken":3,"minecraft:rotten_flesh":4,"minecraft:oak_planks":2,"minecraft:name_tag":1,"minecraft:cooked_mutton":2,"minecraft:salmon":1,"minecraft:sandstone_wall":2,"minecraft:filled_map":1,"minecraft:hay_block":8,"minecraft:andesite":2,"minecraft:oak_sapling":3,"minecraft:sandstone":36,"minecraft:wooden_pickaxe":3,"minecraft:beef":7,"minecraft:stone_pickaxe":2},"minecraft:broken":{"minecraft:iron_shovel":5,"minecraft:iron_axe":2,"minecraft:stone_axe":1,"minecraft:iron_pickaxe":1,"minecraft:stone_shovel":1},"minecraft:custom":{"minecraft:mob_kills":125,"minecraft:interact_with_crafting_table":62,"minecraft:bell_ring":8,"minecraft:leave_game":8,"minecraft:time_since_death":98242,"minecraft:sprint_one_cm":1191611,"minecraft:walk_one_cm":994464,"minecraft:damage_blocked_by_shield":30,"minecraft:drop":69,"minecraft:play_time":411752,"minecraft:deaths":8,"minecraft:sneak_time":8844,"minecraft:walk_under_water_one_cm":127336,"minecraft:boat_one_cm":530248,"minecraft:jump":7044,"minecraft:walk_on_water_one_cm":57823,"minecraft:total_world_time":411752,"minecraft:interact_with_furnace":169,"minecraft:interact_with_stonecutter":1,"minecraft:sleep_in_bed":50,"minecraft:time_since_rest":7748,"minecraft:damage_taken":5782,"minecraft:damage_dealt":13090,"minecraft:swim_one_cm":290013,"minecraft:fly_one_cm":2337028,"minecraft:open_chest":206,"minecraft:crouch_one_cm":40256,"minecraft:fall_one_cm":157064,"minecraft:horse_one_cm":155},"minecraft:killed":{"minecraft:spider":2,"minecraft:skeleton":11,"minecraft:bee":3,"minecraft:chicken":6,"minecraft:drowned":1,"minecraft:husk":6,"minecraft:pig":6,"minecraft:salmon":25,"minecraft:creeper":4,"minecraft:sheep":16,"minecraft:zombie":7,"minecraft:glow_squid":22,"minecraft:cow":12},"minecraft:picked_up":{"minecraft:crafting_table":9,"minecraft:iron_chestplate":3,"minecraft:wheat":16,"minecraft:azure_bluet":5,"minecraft:sandstone_slab":4,"minecraft:chicken":6,"minecraft:suspicious_stew":1,"minecraft:sentry_armor_trim_smithing_template":2,"minecraft:wooden_pickaxe":1,"minecraft:oak_stairs":1,"minecraft:gold_block":16,"minecraft:potion":2,"minecraft:shield":3,"minecraft:amethyst_block":23,"minecraft:cornflower":6,"minecraft:string":9,"minecraft:red_bed":9,"minecraft:iron_axe":4,"minecraft:cooked_salmon":9,"minecraft:orange_glazed_terracotta":1,"minecraft:iron_shovel":1,"minecraft:experience_bottle":1,"minecraft:cobbled_deepslate":83,"minecraft:spruce_planks":4,"minecraft:acacia_sign":1,"minecraft:beef":24,"minecraft:oak_boat":4,"minecraft:calcite":4,"minecraft:player_head":2,"minecraft:poppy":3,"minecraft:iron_pickaxe":4,"minecraft:sugar_cane":47,"minecraft:melon_slice":107,"minecraft:furnace":3,"minecraft:stick":71,"minecraft:raw_iron":60,"minecraft:sandstone":36,"minecraft:stone":121,"minecraft:oak_door":5,"minecraft:oak_fence":49,"minecraft:torch":38,"minecraft:acacia_log":10,"minecraft:sandstone_wall":4,"minecraft:porkchop":14,"minecraft:diorite":12,"minecraft:redstone":17,"minecraft:prismarine_crystals":4,"minecraft:golden_chestplate":1,"minecraft:goat_horn":2,"minecraft:dark_oak_planks":8,"minecraft:tnt":4,"minecraft:orange_bed":1,"minecraft:arrow":26,"minecraft:rotten_flesh":32,"minecraft:cooked_cod":4,"minecraft:hay_block":16,"minecraft:saddle":1,"minecraft:obsidian":16,"minecraft:mutton":46,"minecraft:white_wool":24,"minecraft:cobblestone":582,"minecraft:oxeye_daisy":4,"minecraft:birch_log":6,"minecraft:pink_petals":101,"minecraft:cooked_beef":61,"minecraft:feather":5,"minecraft:salmon":24,"minecraft:glow_ink_sac":47,"minecraft:water_bucket":2,"minecraft:andesite":3,"minecraft:leather":18,"minecraft:cut_sandstone":2,"minecraft:filled_map":3,"minecraft:birch_planks":13,"minecraft:oak_log":398,"minecraft:gunpowder":12,"minecraft:acacia_boat":3,"minecraft:paper":16,"minecraft:dirt":1803,"minecraft:lapis_lazuli":121,"minecraft:blue_bed":8,"minecraft:name_tag":1,"minecraft:cooked_mutton":2,"minecraft:smooth_sandstone":18,"minecraft:coast_armor_trim_smithing_template":2,"minecraft:bone":28,"minecraft:apple":9,"minecraft:stone_bricks":28,"minecraft:kelp":4,"minecraft:red_sandstone":2,"minecraft:wheat_seeds":82,"minecraft:oak_fence_gate":3,"minecraft:iron_ingot":9,"minecraft:stone_pickaxe":4,"minecraft:cooked_chicken":3,"minecraft:iron_sword":1,"minecraft:stone_hoe":1,"minecraft:oak_planks":14,"minecraft:dark_oak_stairs":4,"minecraft:oak_slab":1,"minecraft:smooth_basalt":2,"minecraft:dandelion":19,"minecraft:poisonous_potato":3,"minecraft:gravel":1,"minecraft:sand":16,"minecraft:amethyst_shard":2,"minecraft:spruce_sapling":34,"minecraft:white_bed":8,"minecraft:spruce_log":67,"minecraft:chiseled_sandstone":1,"minecraft:diamond":74,"minecraft:stone_axe":3,"minecraft:granite":6,"minecraft:bone_meal":1,"minecraft:golden_apple":1,"minecraft:bread":9,"minecraft:emerald":3,"minecraft:oak_sapling":55,"minecraft:coal":56},"minecraft:crafted":{"minecraft:oak_planks":152,"minecraft:stone_shovel":1,"minecraft:oak_sign":6,"minecraft:cooked_chicken":6,"minecraft:furnace":2,"minecraft:stone":285,"minecraft:bone_meal":33,"minecraft:cooked_mutton":30,"minecraft:iron_axe":4,"minecraft:stone_pickaxe":2,"minecraft:chest":4,"minecraft:stone_bricks":184,"minecraft:cooked_beef":6,"minecraft:cooked_porkchop":7,"minecraft:crafting_table":4,"minecraft:spruce_planks":252,"minecraft:wooden_pickaxe":2,"minecraft:cooked_salmon":19,"minecraft:birch_planks":24,"minecraft:bucket":1,"minecraft:stone_axe":2,"minecraft:acacia_boat":1,"minecraft:knowledge_book":1,"minecraft:air":0,"minecraft:oak_boat":1,"minecraft:diamond_pickaxe":1,"minecraft:shield":1,"minecraft:stick":40,"minecraft:iron_ingot":52,"minecraft:iron_pickaxe":3,"minecraft:oak_stairs":20,"minecraft:iron_shovel":6,"minecraft:white_bed":1,"minecraft:acacia_planks":20,"minecraft:torch":4},"minecraft:mined":{"minecraft:dark_oak_planks":1,"minecraft:spruce_planks":4,"minecraft:white_bed":4,"minecraft:deepslate_diamond_ore":1,"minecraft:obsidian":16,"minecraft:budding_amethyst":1,"minecraft:granite":7,"minecraft:acacia_log":10,"minecraft:grass_block":1417,"minecraft:spruce_leaves":102,"minecraft:kelp":2,"minecraft:oxeye_daisy":4,"minecraft:sandstone":19,"minecraft:hay_block":8,"minecraft:furnace":3,"minecraft:cobbled_deepslate":1,"minecraft:red_sandstone":2,"minecraft:iron_ore":57,"minecraft:chiseled_sandstone":1,"minecraft:andesite":2,"minecraft:deepslate_lapis_ore":8,"minecraft:gold_block":12,"minecraft:azure_bluet":4,"minecraft:dark_oak_stairs":2,"minecraft:dirt_path":3,"minecraft:oak_stairs":1,"minecraft:stone":439,"minecraft:sandstone_slab":3,"minecraft:cut_sandstone":2,"minecraft:acacia_leaves":1,"minecraft:red_bed":5,"minecraft:dandelion":17,"minecraft:oak_fence":49,"minecraft:smooth_sandstone":13,"minecraft:crafting_table":8,"minecraft:cornflower":3,"minecraft:torch":5,"minecraft:short_grass":451,"minecraft:calcite":4,"minecraft:poppy":3,"minecraft:cobblestone":7,"minecraft:tall_grass":19,"minecraft:amethyst_block":23,"minecraft:lapis_ore":10,"minecraft:sugar_cane":19,"minecraft:oak_planks":1,"minecraft:diorite":12,"minecraft:wall_torch":10,"minecraft:blue_bed":6,"minecraft:pink_petals":20,"minecraft:seagrass":3,"minecraft:wheat":1,"minecraft:spruce_log":69,"minecraft:birch_leaves":3,"minecraft:bee_nest":1,"minecraft:oak_log":387,"minecraft:coal_ore":46,"minecraft:oak_fence_gate":3,"minecraft:gravel":1,"minecraft:sand":12,"minecraft:dirt":296,"minecraft:sandstone_wall":2,"minecraft:smooth_basalt":2,"minecraft:stone_bricks":26,"minecraft:oak_leaves":79,"minecraft:deepslate":67}},"DataVersion":3700}