{"stats":{"minecraft:killed_by":{"minecraft:wolf":1,"minecraft:zombie":1},"minecraft:used":{"minecraft:oak_trapdoor":8,"minecraft:oak_fence":62,"minecraft:acacia_log":1,"minecraft:iron_shovel":1514,"minecraft:stone_shovel":134,"minecraft:oak_sign":1,"minecraft:shield":1,"minecraft:chest":2,"minecraft:stone":26,"minecraft:cooked_chicken":6,"minecraft:torch":17,"minecraft:dirt":1227,"minecraft:cobblestone_wall":6,"minecraft:oak_fence_gate":24,"minecraft:wooden_axe":4,"minecraft:iron_axe":318,"minecraft:oak_stairs":21,"minecraft:stone_bricks":356,"minecraft:oak_sapling":26,"minecraft:furnace":5,"minecraft:cooked_beef":3,"minecraft:short_grass":3,"minecraft:cooked_mutton":15,"minecraft:stone_pickaxe":86,"minecraft:oak_planks":28,"minecraft:wooden_pickaxe":23,"minecraft:blue_bed":7,"minecraft:glow_berries":1,"minecraft:sand":1,"minecraft:crafting_table":8,"minecraft:red_bed":1,"minecraft:campfire":20,"minecraft:white_bed":2,"minecraft:oak_log":207,"minecraft:bread":1,"minecraft:iron_pickaxe":491,"minecraft:stone_axe":96,"minecraft:cobblestone":146,"minecraft:cooked_porkchop":7,"minecraft:oak_boat":3},"minecraft:dropped":{"minecraft:oak_slab":1,"minecraft:wheat_seeds":1,"minecraft:golden_apple":2,"minecraft:dirt":1,"minecraft:red_bed":1,"minecraft:torch":34,"minecraft:cut_sandstone":2,"minecraft:sand":10,"minecraft:iron_axe":1,"minecraft:iron_pickaxe":1,"minecraft:iron_shovel":1,"minecraft:blue_bed":1,"minecraft:cooked_chicken":3,"minecraft:oak_planks":2,"minecraft:cooked_mutton":1,"minecraft:andesite":2,"minecraft:oak_sapling":3,"minecraft:sandstone":36,"minecraft:wooden_pickaxe":3,"minecraft:stone_pickaxe":2},"minecraft:broken":{"minecraft:iron_shovel":5,"minecraft:iron_axe":1,"minecraft:iron_pickaxe":1,"minecraft:stone_shovel":1},"minecraft:custom":{"minecraft:mob_kills":35,"minecraft:interact_with_crafting_table":44,"minecraft:leave_game":2,"minecraft:time_since_death":0,"minecraft:sprint_one_cm":564804,"minecraft:walk_one_cm":619073,"minecraft:damage_blocked_by_shield":30,"minecraft:drop":32,"minecraft:play_time":224358,"minecraft:deaths":4,"minecraft:sneak_time":3799,"minecraft:walk_under_water_one_cm":53907,"minecraft:boat_one_cm":477181,"minecraft:jump":3048,"minecraft:walk_on_water_one_cm":35532,"minecraft:total_world_time":224358,"minecraft:interact_with_furnace":97,"minecraft:sleep_in_bed":26,"minecraft:time_since_rest":20,"minecraft:damage_taken":1502,"minecraft:damage_dealt":3938,"minecraft:swim_one_cm":75730,"minecraft:fly_one_cm":1090967,"minecraft:open_chest":84,"minecraft:crouch_one_cm":18865,"minecraft:fall_one_cm":67356},"minecraft:killed":{"minecraft:spider":1,"minecraft:skeleton":4,"minecraft:bee":3,"minecraft:chicken":6,"minecraft:drowned":1,"minecraft:pig":4,"minecraft:creeper":1,"minecraft:sheep":10,"minecraft:zombie":4},"minecraft:picked_up":{"minecraft:crafting_table":8,"minecraft:wheat":13,"minecraft:azure_bluet":5,"minecraft:chicken":6,"minecraft:suspicious_stew":1,"minecraft:wooden_pickaxe":1,"minecraft:oak_stairs":1,"minecraft:potion":2,"minecraft:cornflower":6,"minecraft:string":7,"minecraft:red_bed":3,"minecraft:iron_axe":1,"minecraft:cooked_salmon":2,"minecraft:iron_shovel":1,"minecraft:cobbled_deepslate":17,"minecraft:acacia_sign":1,"minecraft:oak_boat":4,"minecraft:poppy":2,"minecraft:iron_pickaxe":1,"minecraft:sugar_cane":8,"minecraft:furnace":3,"minecraft:raw_iron":58,"minecraft:stick":22,"minecraft:sandstone":36,"minecraft:oak_door":2,"minecraft:oak_fence":49,"minecraft:torch":30,"minecraft:acacia_log":3,"minecraft:porkchop":7,"minecraft:redstone":17,"minecraft:prismarine_crystals":4,"minecraft:dark_oak_planks":2,"minecraft:tnt":4,"minecraft:rotten_flesh":9,"minecraft:arrow":6,"minecraft:cooked_cod":4,"minecraft:mutton":16,"minecraft:white_wool":10,"minecraft:cobblestone":473,"minecraft:oxeye_daisy":4,"minecraft:birch_log":6,"minecraft:pink_petals":101,"minecraft:cooked_beef":61,"minecraft:feather":5,"minecraft:andesite":3,"minecraft:leather":5,"minecraft:cut_sandstone":2,"minecraft:filled_map":1,"minecraft:oak_log":266,"minecraft:gunpowder":10,"minecraft:paper":16,"minecraft:lapis_lazuli":68,"minecraft:blue_bed":8,"minecraft:dirt":1703,"minecraft:name_tag":1,"minecraft:cooked_mutton":1,"minecraft:coast_armor_trim_smithing_template":2,"minecraft:bone":8,"minecraft:apple":2,"minecraft:stone_bricks":26,"minecraft:kelp":4,"minecraft:wheat_seeds":74,"minecraft:oak_fence_gate":3,"minecraft:iron_ingot":8,"minecraft:stone_pickaxe":3,"minecraft:cooked_chicken":3,"minecraft:iron_sword":1,"minecraft:oak_planks":12,"minecraft:dark_oak_stairs":4,"minecraft:oak_slab":1,"minecraft:dandelion":16,"minecraft:poisonous_potato":3,"minecraft:sand":14,"minecraft:white_bed":1,"minecraft:diamond":24,"minecraft:stone_axe":1,"minecraft:golden_apple":1,"minecraft:emerald":1,"minecraft:bread":4,"minecraft:oak_sapling":31,"minecraft:coal":54},"minecraft:crafted":{"minecraft:oak_planks":152,"minecraft:stone_shovel":1,"minecraft:oak_sign":6,"minecraft:cooked_chicken":6,"minecraft:furnace":2,"minecraft:stone":211,"minecraft:cooked_mutton":16,"minecraft:iron_axe":2,"minecraft:stone_pickaxe":2,"minecraft:chest":2,"minecraft:stone_bricks":184,"minecraft:cooked_porkchop":7,"minecraft:crafting_table":2,"minecraft:wooden_pickaxe":2,"minecraft:stone_axe":2,"minecraft:air":0,"minecraft:oak_boat":1,"minecraft:shield":1,"minecraft:stick":36,"minecraft:iron_ingot":52,"minecraft:iron_pickaxe":2,"minecraft:oak_stairs":20,"minecraft:iron_shovel":6,"minecraft:white_bed":1,"minecraft:torch":4},"minecraft:mined":{"minecraft:dark_oak_planks":1,"minecraft:white_bed":1,"minecraft:granite":1,"minecraft:acacia_log":2,"minecraft:grass_block":1406,"minecraft:kelp":2,"minecraft:oxeye_daisy":4,"minecraft:sandstone":19,"minecraft:furnace":3,"minecraft:iron_ore":55,"minecraft:andesite":2,"minecraft:azure_bluet":4,"minecraft:dark_oak_stairs":2,"minecraft:oak_stairs":1,"minecraft:dirt_path":2,"minecraft:stone":404,"minecraft:cut_sandstone":2,"minecraft:dandelion":14,"minecraft:cornflower":3,"minecraft:oak_fence":49,"minecraft:crafting_table":7,"minecraft:torch":2,"minecraft:short_grass":425,"minecraft:poppy":2,"minecraft:tall_grass":15,"minecraft:lapis_ore":10,"minecraft:sugar_cane":2,"minecraft:oak_planks":1,"minecraft:blue_bed":6,"minecraft:wall_torch":7,"minecraft:pink_petals":20,"minecraft:birch_leaves":2,"minecraft:bee_nest":1,"minecraft:oak_log":255,"minecraft:coal_ore":46,"minecraft:oak_fence_gate":3,"minecraft:sand":12,"minecraft:gravel":1,"minecraft:dirt":270,"minecraft:stone_bricks":26,"minecraft:oak_leaves":53,"minecraft:deepslate":1}},"DataVersion":3700}