{"stats":{"minecraft:killed_by":{"minecraft:wolf":1,"minecraft:skeleton":1,"minecraft:zombie":1},"minecraft:used":{"minecraft:oak_fence":62,"minecraft:oak_trapdoor":8,"minecraft:acacia_log":1,"minecraft:iron_shovel":1514,"minecraft:stone_shovel":134,"minecraft:oak_sign":1,"minecraft:chest":3,"minecraft:shield":1,"minecraft:stone":26,"minecraft:cooked_salmon":11,"minecraft:cooked_chicken":6,"minecraft:torch":32,"minecraft:dirt":1346,"minecraft:cobblestone_wall":6,"minecraft:oak_fence_gate":24,"minecraft:wooden_axe":4,"minecraft:smooth_sandstone":6,"minecraft:iron_axe":383,"minecraft:oak_stairs":21,"minecraft:stone_bricks":356,"minecraft:oak_sapling":26,"minecraft:furnace":5,"minecraft:cooked_beef":9,"minecraft:short_grass":3,"minecraft:cooked_mutton":19,"minecraft:stone_pickaxe":86,"minecraft:oak_planks":28,"minecraft:wooden_pickaxe":23,"minecraft:blue_bed":7,"minecraft:glow_berries":1,"minecraft:sand":1,"minecraft:crafting_table":9,"minecraft:red_bed":7,"minecraft:campfire":20,"minecraft:white_bed":4,"minecraft:oak_log":207,"minecraft:red_sandstone":2,"minecraft:melon_slice":7,"minecraft:bread":4,"minecraft:iron_pickaxe":523,"minecraft:stone_axe":102,"minecraft:cobblestone":146,"minecraft:cooked_porkchop":7,"minecraft:oak_boat":3,"minecraft:experience_bottle":1},"minecraft:dropped":{"minecraft:oak_slab":1,"minecraft:porkchop":6,"minecraft:wheat_seeds":2,"minecraft:sandstone_slab":1,"minecraft:acacia_log":2,"minecraft:golden_apple":2,"minecraft:gold_block":7,"minecraft:dirt":2,"minecraft:red_bed":1,"minecraft:torch":34,"minecraft:cut_sandstone":2,"minecraft:cooked_salmon":7,"minecraft:iron_axe":1,"minecraft:sand":11,"minecraft:iron_pickaxe":1,"minecraft:iron_shovel":1,"minecraft:white_wool":2,"minecraft:blue_bed":1,"minecraft:chiseled_sandstone":1,"minecraft:cooked_chicken":3,"minecraft:rotten_flesh":2,"minecraft:oak_planks":2,"minecraft:cooked_mutton":2,"minecraft:salmon":1,"minecraft:filled_map":1,"minecraft:sandstone_wall":2,"minecraft:hay_block":8,"minecraft:andesite":2,"minecraft:oak_sapling":3,"minecraft:beef":7,"minecraft:sandstone":36,"minecraft:wooden_pickaxe":3,"minecraft:stone_pickaxe":2},"minecraft:broken":{"minecraft:iron_shovel":5,"minecraft:iron_axe":1,"minecraft:stone_axe":1,"minecraft:iron_pickaxe":1,"minecraft:stone_shovel":1},"minecraft:custom":{"minecraft:mob_kills":84,"minecraft:interact_with_crafting_table":51,"minecraft:bell_ring":6,"minecraft:leave_game":4,"minecraft:time_since_death":5912,"minecraft:sprint_one_cm":760998,"minecraft:walk_one_cm":740076,"minecraft:damage_blocked_by_shield":30,"minecraft:drop":55,"minecraft:play_time":290148,"minecraft:deaths":5,"minecraft:sneak_time":5373,"minecraft:walk_under_water_one_cm":79127,"minecraft:boat_one_cm":477181,"minecraft:jump":4451,"minecraft:walk_on_water_one_cm":41369,"minecraft:total_world_time":290148,"minecraft:interact_with_furnace":145,"minecraft:interact_with_stonecutter":1,"minecraft:sleep_in_bed":36,"minecraft:time_since_rest":5952,"minecraft:damage_taken":3286,"minecraft:damage_dealt":8202,"minecraft:swim_one_cm":117556,"minecraft:fly_one_cm":1468701,"minecraft:open_chest":134,"minecraft:crouch_one_cm":22952,"minecraft:fall_one_cm":95401},"minecraft:killed":{"minecraft:spider":1,"minecraft:skeleton":8,"minecraft:bee":3,"minecraft:chicken":6,"minecraft:drowned":1,"minecraft:husk":6,"minecraft:pig":6,"minecraft:salmon":19,"minecraft:creeper":1,"minecraft:sheep":14,"minecraft:zombie":7,"minecraft:cow":8},"minecraft:picked_up":{"minecraft:iron_chestplate":1,"minecraft:crafting_table":8,"minecraft:wheat":16,"minecraft:sandstone_slab":2,"minecraft:azure_bluet":5,"minecraft:chicken":6,"minecraft:sentry_armor_trim_smithing_template":2,"minecraft:suspicious_stew":1,"minecraft:wooden_pickaxe":1,"minecraft:oak_stairs":1,"minecraft:gold_block":16,"minecraft:potion":2,"minecraft:shield":1,"minecraft:cornflower":6,"minecraft:string":7,"minecraft:red_bed":9,"minecraft:iron_axe":2,"minecraft:cooked_salmon":9,"minecraft:orange_glazed_terracotta":1,"minecraft:iron_shovel":1,"minecraft:experience_bottle":1,"minecraft:cobbled_deepslate":17,"minecraft:acacia_sign":1,"minecraft:beef":11,"minecraft:oak_boat":4,"minecraft:poppy":2,"minecraft:iron_pickaxe":2,"minecraft:melon_slice":27,"minecraft:sugar_cane":42,"minecraft:furnace":3,"minecraft:stick":25,"minecraft:raw_iron":58,"minecraft:sandstone":36,"minecraft:oak_door":2,"minecraft:oak_fence":49,"minecraft:torch":34,"minecraft:acacia_log":6,"minecraft:sandstone_wall":4,"minecraft:porkchop":10,"minecraft:redstone":17,"minecraft:goat_horn":1,"minecraft:prismarine_crystals":4,"minecraft:dark_oak_planks":8,"minecraft:orange_bed":1,"minecraft:tnt":4,"minecraft:arrow":23,"minecraft:rotten_flesh":28,"minecraft:cooked_cod":4,"minecraft:hay_block":16,"minecraft:saddle":1,"minecraft:mutton":41,"minecraft:white_wool":13,"minecraft:cobblestone":473,"minecraft:oxeye_daisy":4,"minecraft:birch_log":6,"minecraft:pink_petals":101,"minecraft:cooked_beef":61,"minecraft:feather":5,"minecraft:salmon":20,"minecraft:andesite":3,"minecraft:leather":13,"minecraft:cut_sandstone":2,"minecraft:filled_map":3,"minecraft:oak_log":266,"minecraft:gunpowder":10,"minecraft:paper":16,"minecraft:dirt":1708,"minecraft:lapis_lazuli":68,"minecraft:blue_bed":8,"minecraft:name_tag":1,"minecraft:smooth_sandstone":18,"minecraft:cooked_mutton":2,"minecraft:coast_armor_trim_smithing_template":2,"minecraft:bone":20,"minecraft:apple":2,"minecraft:stone_bricks":26,"minecraft:kelp":4,"minecraft:red_sandstone":2,"minecraft:wheat_seeds":76,"minecraft:stone_pickaxe":4,"minecraft:oak_fence_gate":3,"minecraft:iron_ingot":9,"minecraft:cooked_chicken":3,"minecraft:stone_hoe":1,"minecraft:iron_sword":1,"minecraft:oak_planks":14,"minecraft:dark_oak_stairs":4,"minecraft:oak_slab":1,"minecraft:dandelion":16,"minecraft:poisonous_potato":3,"minecraft:sand":16,"minecraft:white_bed":4,"minecraft:chiseled_sandstone":1,"minecraft:diamond":24,"minecraft:stone_axe":2,"minecraft:golden_apple":1,"minecraft:emerald":2,"minecraft:bread":4,"minecraft:oak_sapling":31,"minecraft:coal":56},"minecraft:crafted":{"minecraft:oak_planks":152,"minecraft:stone_shovel":1,"minecraft:oak_sign":6,"minecraft:cooked_chicken":6,"minecraft:furnace":2,"minecraft:stone":285,"minecraft:cooked_mutton":22,"minecraft:iron_axe":3,"minecraft:stone_pickaxe":2,"minecraft:chest":3,"minecraft:stone_bricks":184,"minecraft:cooked_beef":6,"minecraft:cooked_porkchop":7,"minecraft:crafting_table":3,"minecraft:wooden_pickaxe":2,"minecraft:cooked_salmon":19,"minecraft:birch_planks":24,"minecraft:stone_axe":2,"minecraft:air":0,"minecraft:oak_boat":1,"minecraft:shield":1,"minecraft:stick":40,"minecraft:iron_ingot":52,"minecraft:iron_pickaxe":3,"minecraft:oak_stairs":20,"minecraft:iron_shovel":6,"minecraft:white_bed":1,"minecraft:acacia_planks":4,"minecraft:torch":4},"minecraft:mined":{"minecraft:dark_oak_planks":1,"minecraft:white_bed":2,"minecraft:granite":1,"minecraft:acacia_log":5,"minecraft:grass_block":1407,"minecraft:kelp":2,"minecraft:oxeye_daisy":4,"minecraft:sandstone":19,"minecraft:hay_block":8,"minecraft:furnace":3,"minecraft:red_sandstone":2,"minecraft:iron_ore":55,"minecraft:chiseled_sandstone":1,"minecraft:andesite":2,"minecraft:gold_block":12,"minecraft:azure_bluet":4,"minecraft:dark_oak_stairs":2,"minecraft:dirt_path":3,"minecraft:oak_stairs":1,"minecraft:stone":404,"minecraft:sandstone_slab":1,"minecraft:cut_sandstone":2,"minecraft:red_bed":5,"minecraft:dandelion":14,"minecraft:smooth_sandstone":13,"minecraft:oak_fence":49,"minecraft:crafting_table":7,"minecraft:cornflower":3,"minecraft:torch":3,"minecraft:short_grass":431,"minecraft:poppy":2,"minecraft:tall_grass":16,"minecraft:lapis_ore":10,"minecraft:sugar_cane":19,"minecraft:oak_planks":1,"minecraft:blue_bed":6,"minecraft:wall_torch":10,"minecraft:pink_petals":20,"minecraft:birch_leaves":2,"minecraft:bee_nest":1,"minecraft:coal_ore":46,"minecraft:oak_log":255,"minecraft:oak_fence_gate":3,"minecraft:gravel":1,"minecraft:sand":12,"minecraft:dirt":273,"minecraft:sandstone_wall":2,"minecraft:stone_bricks":26,"minecraft:oak_leaves":53,"minecraft:deepslate":1}},"DataVersion":3700}