{"stats":{"minecraft:used":{"minecraft:oak_fence":7,"minecraft:rose_bush":3,"minecraft:iron_shovel":325,"minecraft:stone_shovel":128,"minecraft:chest":4,"minecraft:shield":3,"minecraft:iron_sword":48,"minecraft:cooked_salmon":1,"minecraft:stone_hoe":68,"minecraft:oak_door":5,"minecraft:orange_bed":2,"minecraft:torch":13,"minecraft:dirt":247,"minecraft:tuff":1,"minecraft:obsidian":2,"minecraft:glass":22,"minecraft:lantern":2,"minecraft:iron_axe":60,"minecraft:oak_stairs":16,"minecraft:stone_bricks":124,"minecraft:furnace":5,"minecraft:cooked_beef":11,"minecraft:wheat_seeds":17,"minecraft:water_bucket":38,"minecraft:diorite":2,"minecraft:stone_pickaxe":101,"minecraft:oak_planks":83,"minecraft:wooden_pickaxe":10,"minecraft:stonecutter":1,"minecraft:sugar_cane":9,"minecraft:sand":16,"minecraft:oak_slab":16,"minecraft:crafting_table":9,"minecraft:red_bed":2,"minecraft:white_bed":1,"minecraft:oak_log":17,"minecraft:diamond_pickaxe":233,"minecraft:apple":1,"minecraft:acacia_sign":1,"minecraft:melon_slice":2,"minecraft:bread":6,"minecraft:iron_pickaxe":500,"minecraft:stone_axe":127,"minecraft:cobblestone":53,"minecraft:bucket":39,"minecraft:oak_boat":4,"minecraft:dandelion":1},"minecraft:dropped":{"minecraft:water_bucket":1,"minecraft:bread":11,"minecraft:stick":1,"minecraft:dirt":7,"minecraft:sand":56,"minecraft:dandelion":4,"minecraft:wheat":14,"minecraft:poppy":2,"minecraft:arrow":1,"minecraft:stone_pickaxe":1},"minecraft:broken":{"minecraft:iron_shovel":1,"minecraft:stone_axe":1,"minecraft:iron_pickaxe":2},"minecraft:custom":{"minecraft:mob_kills":23,"minecraft:interact_with_crafting_table":43,"minecraft:leave_game":2,"minecraft:time_since_death":149390,"minecraft:climb_one_cm":423,"minecraft:sprint_one_cm":510991,"minecraft:walk_one_cm":302801,"minecraft:damage_blocked_by_shield":100,"minecraft:drop":14,"minecraft:play_time":149390,"minecraft:sneak_time":3629,"minecraft:walk_under_water_one_cm":10547,"minecraft:boat_one_cm":142789,"minecraft:jump":2982,"minecraft:walk_on_water_one_cm":18740,"minecraft:total_world_time":149390,"minecraft:interact_with_furnace":98,"minecraft:interact_with_stonecutter":11,"minecraft:sleep_in_bed":16,"minecraft:time_since_rest":5852,"minecraft:damage_taken":518,"minecraft:damage_dealt":2045,"minecraft:swim_one_cm":73722,"minecraft:fly_one_cm":691688,"minecraft:open_chest":59,"minecraft:crouch_one_cm":9456,"minecraft:fall_one_cm":80636},"minecraft:killed":{"minecraft:cave_spider":1,"minecraft:spider":1,"minecraft:skeleton":2,"minecraft:pig":2,"minecraft:salmon":3,"minecraft:sheep":2,"minecraft:zombie":2,"minecraft:cow":6},"minecraft:picked_up":{"minecraft:crafting_table":6,"minecraft:oak_stairs":1,"minecraft:gold_block":3,"minecraft:cornflower":1,"minecraft:string":7,"minecraft:red_bed":1,"minecraft:cobbled_deepslate":17,"minecraft:beef":14,"minecraft:oak_boat":4,"minecraft:rose_bush":8,"minecraft:poppy":3,"minecraft:melon_slice":74,"minecraft:sugar_cane":9,"minecraft:furnace":3,"minecraft:stick":1,"minecraft:raw_iron":20,"minecraft:oak_door":4,"minecraft:oak_fence":3,"minecraft:torch":2,"minecraft:acacia_log":9,"minecraft:porkchop":5,"minecraft:diorite":3,"minecraft:redstone":17,"minecraft:orange_bed":2,"minecraft:stone_shovel":1,"minecraft:arrow":3,"minecraft:rotten_flesh":4,"minecraft:hay_block":24,"minecraft:mutton":3,"minecraft:white_wool":2,"minecraft:cobblestone":610,"minecraft:birch_log":7,"minecraft:pink_petals":57,"minecraft:water_bucket":1,"minecraft:salmon":3,"minecraft:leather":5,"minecraft:tuff":1,"minecraft:oak_log":87,"minecraft:dirt":402,"minecraft:bone":3,"minecraft:apple":1,"minecraft:stone_bricks":9,"minecraft:stonecutter":1,"minecraft:wheat_seeds":35,"minecraft:raw_gold":19,"minecraft:oak_planks":41,"minecraft:stone_hoe":1,"minecraft:oak_slab":4,"minecraft:dandelion":14,"minecraft:sand":164,"minecraft:blast_furnace":1,"minecraft:white_bed":1,"minecraft:spider_eye":1,"minecraft:diamond":24,"minecraft:golden_apple":1,"minecraft:oak_sapling":1,"minecraft:melon_seeds":2,"minecraft:coal":48},"minecraft:crafted":{"minecraft:oak_door":3,"minecraft:oak_planks":144,"minecraft:iron_nugget":9,"minecraft:furnace":2,"minecraft:stone":142,"minecraft:glass":29,"minecraft:lantern":2,"minecraft:diamond_leggings":1,"minecraft:iron_axe":1,"minecraft:stone_pickaxe":3,"minecraft:chest":4,"minecraft:oak_fence":6,"minecraft:wheat":216,"minecraft:cooked_beef":16,"minecraft:red_dye":1,"minecraft:oak_slab":12,"minecraft:crafting_table":3,"minecraft:wooden_pickaxe":1,"minecraft:iron_helmet":1,"minecraft:iron_sword":1,"minecraft:red_bed":1,"minecraft:cooked_salmon":1,"minecraft:bucket":1,"minecraft:birch_planks":4,"minecraft:stone_axe":1,"minecraft:bread":72,"minecraft:air":0,"minecraft:oak_boat":1,"minecraft:diamond_pickaxe":1,"minecraft:acacia_sign":3,"minecraft:shield":1,"minecraft:stick":32,"minecraft:iron_ingot":22,"minecraft:iron_pickaxe":2,"minecraft:oak_stairs":16,"minecraft:iron_shovel":2,"minecraft:acacia_planks":36,"minecraft:torch":16,"minecraft:diamond_chestplate":1},"minecraft:mined":{"minecraft:tuff":1,"minecraft:white_bed":1,"minecraft:deepslate_diamond_ore":24,"minecraft:oak_door":4,"minecraft:acacia_log":9,"minecraft:grass_block":246,"minecraft:spawner":1,"minecraft:hay_block":24,"minecraft:furnace":3,"minecraft:iron_ore":13,"minecraft:gold_block":3,"minecraft:deepslate_iron_ore":7,"minecraft:oak_stairs":1,"minecraft:stone":663,"minecraft:orange_bed":2,"minecraft:deepslate_redstone_ore":4,"minecraft:oak_slab":4,"minecraft:acacia_leaves":1,"minecraft:red_bed":1,"minecraft:melon_stem":1,"minecraft:dandelion":1,"minecraft:oak_fence":2,"minecraft:crafting_table":7,"minecraft:short_grass":40,"minecraft:blast_furnace":1,"minecraft:poppy":1,"minecraft:melon":21,"minecraft:rose_bush":8,"minecraft:cobblestone":12,"minecraft:glass":1,"minecraft:tall_grass":5,"minecraft:deepslate_gold_ore":19,"minecraft:sugar_cane":4,"minecraft:oak_planks":40,"minecraft:diorite":3,"minecraft:pink_petals":19,"minecraft:seagrass":1,"minecraft:birch_log":7,"minecraft:wheat":25,"minecraft:lilac":1,"minecraft:oak_log":52,"minecraft:coal_ore":42,"minecraft:sand":103,"minecraft:dirt":131,"minecraft:cobweb":6,"minecraft:cracked_stone_bricks":1,"minecraft:stonecutter":1,"minecraft:stone_bricks":9,"minecraft:oak_leaves":16,"minecraft:deepslate":19}},"DataVersion":3700}