{"stats":{"minecraft:mined":{"minecraft:white_bed":5,"minecraft:jungle_door":2,"minecraft:jungle_leaves":9,"minecraft:crafting_table":6,"minecraft:granite":6,"minecraft:short_grass":14,"minecraft:grass_block":1,"minecraft:melon":8,"minecraft:jungle_log":27,"minecraft:cobblestone":2,"minecraft:sugar_cane":4,"minecraft:diorite":8,"minecraft:furnace":3,"minecraft:iron_ore":8,"minecraft:fire":8,"minecraft:andesite":9,"minecraft:birch_leaves":2,"minecraft:coal_ore":8,"minecraft:cocoa":1,"minecraft:vine":2,"minecraft:dirt":2,"minecraft:stone":98,"minecraft:fern":3},"minecraft:picked_up":{"minecraft:cocoa_beans":42,"minecraft:crafting_table":6,"minecraft:jungle_boat":1,"minecraft:clock":2,"minecraft:cooked_beef":12,"minecraft:jungle_log":27,"minecraft:andesite":9,"minecraft:leather":12,"minecraft:wooden_pickaxe":2,"minecraft:golden_boots":2,"minecraft:string":1,"minecraft:dirt":18,"minecraft:bone":3,"minecraft:wheat_seeds":9,"minecraft:beef":11,"minecraft:stone_pickaxe":2,"minecraft:jungle_sapling":3,"minecraft:iron_nugget":18,"minecraft:melon_slice":102,"minecraft:sugar_cane":30,"minecraft:furnace":4,"minecraft:stick":4,"minecraft:raw_iron":6,"minecraft:jungle_door":2,"minecraft:jungle_planks":58,"minecraft:diorite":13,"minecraft:white_bed":5,"minecraft:rotten_flesh":9,"minecraft:stone_axe":3,"minecraft:golden_hoe":2,"minecraft:granite":6,"minecraft:gray_wool":3,"minecraft:mutton":27,"minecraft:obsidian":1,"minecraft:coal":16,"minecraft:white_wool":9,"minecraft:cobblestone":172},"minecraft:dropped":{"minecraft:stone_axe":1},"minecraft:crafted":{"minecraft:cooked_beef":8,"minecraft:jungle_button":52,"minecraft:crafting_table":2,"minecraft:jungle_boat":1,"minecraft:wooden_pickaxe":1,"minecraft:furnace":2,"minecraft:stone_axe":1,"minecraft:cooked_mutton":2,"minecraft:air":0,"minecraft:jungle_planks":104,"minecraft:jungle_door":3,"minecraft:diamond_helmet":1,"minecraft:shield":1,"minecraft:stick":8,"minecraft:iron_ingot":1,"minecraft:stone_pickaxe":1,"minecraft:diamond_boots":1,"minecraft:white_bed":2,"minecraft:diamond_chestplate":1},"minecraft:used":{"minecraft:cooked_mutton":2,"minecraft:stone_pickaxe":121,"minecraft:shield":20,"minecraft:wooden_pickaxe":27,"minecraft:jungle_boat":1,"minecraft:golden_hoe":2,"minecraft:dirt":18,"minecraft:crafting_table":7,"minecraft:white_bed":5,"minecraft:jungle_sapling":3,"minecraft:jungle_log":1,"minecraft:stone_axe":78,"minecraft:diamond_chestplate":1,"minecraft:cobblestone":31,"minecraft:jungle_button":52,"minecraft:furnace":4,"minecraft:jungle_door":2,"minecraft:cooked_beef":8},"minecraft:killed_by":{"minecraft:zombie":1,"minecraft:drowned":1},"minecraft:killed":{"minecraft:spider":2,"minecraft:skeleton":3,"minecraft:sheep":9,"minecraft:zombie":5,"minecraft:cow":4},"minecraft:custom":{"minecraft:interact_with_furnace":27,"minecraft:mob_kills":23,"minecraft:interact_with_crafting_table":15,"minecraft:leave_game":5,"minecraft:time_since_death":30318,"minecraft:sleep_in_bed":7,"minecraft:climb_one_cm":4818,"minecraft:time_since_rest":3389,"minecraft:sprint_one_cm":104472,"minecraft:damage_taken":1372,"minecraft:walk_one_cm":89766,"minecraft:damage_blocked_by_shield":515,"minecraft:drop":1,"minecraft:damage_dealt":2935,"minecraft:swim_one_cm":42871,"minecraft:fly_one_cm":133878,"minecraft:open_chest":1,"minecraft:crouch_one_cm":1552,"minecraft:play_time":57601,"minecraft:deaths":2,"minecraft:sneak_time":775,"minecraft:walk_under_water_one_cm":7044,"minecraft:boat_one_cm":106811,"minecraft:jump":849,"minecraft:walk_on_water_one_cm":6646,"minecraft:total_world_time":57601,"minecraft:fall_one_cm":19955}},"DataVersion":3700}