{"stats":{"minecraft:killed_by":{"minecraft:player":3},"minecraft:used":{"minecraft:oak_fence":7,"minecraft:stone_sword":7,"minecraft:rose_bush":7,"minecraft:iron_shovel":332,"minecraft:stone_shovel":128,"minecraft:spruce_planks":18,"minecraft:chest":7,"minecraft:shield":6,"minecraft:iron_sword":109,"minecraft:cooked_salmon":1,"minecraft:stone_hoe":68,"minecraft:netherrack":3,"minecraft:oak_door":6,"minecraft:orange_bed":2,"minecraft:torch":14,"minecraft:dirt":258,"minecraft:spruce_stairs":21,"minecraft:tuff":1,"minecraft:obsidian":2,"minecraft:glass":24,"minecraft:lantern":2,"minecraft:iron_axe":225,"minecraft:oak_stairs":61,"minecraft:stone_bricks":208,"minecraft:furnace":5,"minecraft:cooked_beef":18,"minecraft:wheat_seeds":17,"minecraft:water_bucket":38,"minecraft:diorite":2,"minecraft:stone_pickaxe":290,"minecraft:oak_planks":155,"minecraft:wooden_pickaxe":14,"minecraft:stonecutter":1,"minecraft:sugar_cane":9,"minecraft:golden_apple":1,"minecraft:sand":16,"minecraft:oak_slab":34,"minecraft:crafting_table":10,"minecraft:red_bed":2,"minecraft:white_bed":1,"minecraft:oak_log":17,"minecraft:diamond_pickaxe":463,"minecraft:apple":1,"minecraft:acacia_sign":1,"minecraft:birch_slab":6,"minecraft:suspicious_stew":1,"minecraft:bread":24,"minecraft:melon_slice":7,"minecraft:iron_pickaxe":500,"minecraft:gravel":1,"minecraft:spruce_sapling":9,"minecraft:stone_axe":127,"minecraft:cobblestone":90,"minecraft:smithing_table":1,"minecraft:bucket":39,"minecraft:glass_pane":22,"minecraft:oak_boat":4,"minecraft:bone_meal":8,"minecraft:dandelion":1},"minecraft:dropped":{"minecraft:stone_hoe":1,"minecraft:water_bucket":1,"minecraft:bread":61,"minecraft:iron_sword":1,"minecraft:wheat_seeds":3,"minecraft:cobblestone":16,"minecraft:stick":1,"minecraft:dirt":7,"minecraft:rose_bush":1,"minecraft:sand":56,"minecraft:iron_pickaxe":1,"minecraft:dandelion":4,"minecraft:golden_chestplate":1,"minecraft:stone_sword":2,"minecraft:bowl":2,"minecraft:wheat":14,"minecraft:oak_planks":4,"minecraft:carrot":7,"minecraft:poppy":2,"minecraft:leather_chestplate":1,"minecraft:shield":1,"minecraft:arrow":1,"minecraft:stone_pickaxe":7},"minecraft:broken":{"minecraft:iron_shovel":1,"minecraft:stone_axe":1,"minecraft:iron_pickaxe":2},"minecraft:custom":{"minecraft:interact_with_smithing_table":2,"minecraft:mob_kills":33,"minecraft:interact_with_crafting_table":55,"minecraft:leave_game":4,"minecraft:time_since_death":11197,"minecraft:climb_one_cm":423,"minecraft:sprint_one_cm":891157,"minecraft:walk_one_cm":454958,"minecraft:damage_blocked_by_shield":287,"minecraft:drop":37,"minecraft:damage_dealt_absorbed":40,"minecraft:talked_to_villager":4,"minecraft:play_time":227626,"minecraft:deaths":4,"minecraft:sneak_time":8868,"minecraft:walk_under_water_one_cm":20315,"minecraft:boat_one_cm":142789,"minecraft:jump":5221,"minecraft:walk_on_water_one_cm":24570,"minecraft:total_world_time":227626,"minecraft:interact_with_furnace":121,"minecraft:interact_with_stonecutter":17,"minecraft:sleep_in_bed":23,"minecraft:time_since_rest":5293,"minecraft:damage_taken":2803,"minecraft:damage_absorbed":40,"minecraft:damage_dealt":4518,"minecraft:player_kills":7,"minecraft:swim_one_cm":113550,"minecraft:fly_one_cm":1250595,"minecraft:open_chest":143,"minecraft:crouch_one_cm":31621,"minecraft:fall_one_cm":146780},"minecraft:killed":{"minecraft:cave_spider":1,"minecraft:witch":1,"minecraft:spider":1,"minecraft:skeleton":2,"minecraft:pig":2,"minecraft:salmon":3,"minecraft:sheep":2,"minecraft:zombie":6,"minecraft:cow":9},"minecraft:picked_up":{"minecraft:iron_chestplate":2,"minecraft:crafting_table":7,"minecraft:suspicious_stew":1,"minecraft:smithing_table":4,"minecraft:wooden_pickaxe":1,"minecraft:oak_stairs":45,"minecraft:gold_block":5,"minecraft:shield":3,"minecraft:cornflower":1,"minecraft:string":7,"minecraft:red_bed":1,"minecraft:raw_copper":6,"minecraft:iron_axe":1,"minecraft:iron_shovel":4,"minecraft:diamond_leggings":1,"minecraft:cobbled_deepslate":17,"minecraft:bucket":1,"minecraft:beef":31,"minecraft:oak_boat":4,"minecraft:rose_bush":13,"minecraft:poppy":3,"minecraft:iron_pickaxe":1,"minecraft:lectern":8,"minecraft:melon_slice":112,"minecraft:sugar_cane":229,"minecraft:chest":2,"minecraft:furnace":3,"minecraft:stick":23,"minecraft:raw_iron":20,"minecraft:sandstone":23,"minecraft:oak_door":4,"minecraft:oak_fence":7,"minecraft:bowl":4,"minecraft:torch":15,"minecraft:acacia_log":9,"minecraft:spruce_stairs":3,"minecraft:porkchop":5,"minecraft:diorite":3,"minecraft:carrot":7,"minecraft:redstone":17,"minecraft:golden_chestplate":4,"minecraft:orange_bed":2,"minecraft:stone_sword":3,"minecraft:diamond_chestplate":3,"minecraft:stone_shovel":1,"minecraft:arrow":3,"minecraft:rotten_flesh":9,"minecraft:hay_block":46,"minecraft:mutton":9,"minecraft:cobblestone":1241,"minecraft:white_wool":2,"minecraft:birch_log":27,"minecraft:leather_chestplate":1,"minecraft:pink_petals":57,"minecraft:birch_slab":6,"minecraft:water_bucket":4,"minecraft:salmon":3,"minecraft:leather":8,"minecraft:golden_leggings":2,"minecraft:birch_planks":22,"minecraft:tuff":1,"minecraft:oak_log":106,"minecraft:dirt":422,"minecraft:glass":25,"minecraft:bone":3,"minecraft:apple":21,"minecraft:stone_bricks":24,"minecraft:stonecutter":1,"minecraft:wheat_seeds":50,"minecraft:raw_gold":28,"minecraft:stone_pickaxe":7,"minecraft:iron_ingot":6,"minecraft:iron_sword":2,"minecraft:stone_hoe":2,"minecraft:oak_planks":132,"minecraft:book":72,"minecraft:oak_slab":4,"minecraft:gravel":1,"minecraft:dandelion":14,"minecraft:sand":164,"minecraft:spruce_sapling":9,"minecraft:blast_furnace":1,"minecraft:white_bed":1,"minecraft:spruce_log":12,"minecraft:spider_eye":1,"minecraft:diamond":41,"minecraft:iron_helmet":1,"minecraft:bone_meal":2,"minecraft:golden_apple":1,"minecraft:bread":160,"minecraft:netherrack":3,"minecraft:oak_sapling":1,"minecraft:melon_seeds":2,"minecraft:coal":72,"minecraft:diamond_pickaxe":2,"minecraft:sunflower":12},"minecraft:crafted":{"minecraft:oak_door":3,"minecraft:oak_planks":256,"minecraft:iron_nugget":9,"minecraft:birch_slab":12,"minecraft:furnace":2,"minecraft:stone":272,"minecraft:bone_meal":9,"minecraft:glass_pane":32,"minecraft:glass":39,"minecraft:lantern":2,"minecraft:spruce_stairs":20,"minecraft:diamond_leggings":1,"minecraft:iron_axe":1,"minecraft:stone_pickaxe":4,"minecraft:chest":5,"minecraft:oak_fence":6,"minecraft:wheat":216,"minecraft:cooked_beef":25,"minecraft:red_dye":1,"minecraft:oak_slab":30,"minecraft:crafting_table":3,"minecraft:spruce_planks":48,"minecraft:wooden_pickaxe":1,"minecraft:iron_helmet":1,"minecraft:iron_sword":2,"minecraft:red_bed":1,"minecraft:cooked_salmon":1,"minecraft:bucket":1,"minecraft:birch_planks":32,"minecraft:stone_axe":1,"minecraft:bread":72,"minecraft:air":0,"minecraft:oak_boat":1,"minecraft:diamond_pickaxe":1,"minecraft:acacia_sign":3,"minecraft:shield":1,"minecraft:stick":36,"minecraft:iron_ingot":22,"minecraft:iron_pickaxe":2,"minecraft:oak_stairs":32,"minecraft:stone_sword":1,"minecraft:iron_shovel":2,"minecraft:acacia_planks":36,"minecraft:torch":16,"minecraft:diamond_chestplate":1},"minecraft:mined":{"minecraft:tuff":1,"minecraft:white_bed":1,"minecraft:deepslate_diamond_ore":24,"minecraft:oak_door":4,"minecraft:acacia_log":9,"minecraft:grass_block":250,"minecraft:birch_slab":6,"minecraft:spruce_leaves":46,"minecraft:spawner":1,"minecraft:hay_block":35,"minecraft:spruce_sapling":2,"minecraft:furnace":3,"minecraft:iron_ore":13,"minecraft:fire":2,"minecraft:gold_block":4,"minecraft:bookshelf":8,"minecraft:deepslate_iron_ore":7,"minecraft:oak_stairs":41,"minecraft:stone":1035,"minecraft:orange_bed":2,"minecraft:smithing_table":2,"minecraft:deepslate_redstone_ore":4,"minecraft:oak_slab":4,"minecraft:acacia_leaves":1,"minecraft:glass_pane":1,"minecraft:red_bed":2,"minecraft:melon_stem":1,"minecraft:dandelion":1,"minecraft:oak_fence":2,"minecraft:crafting_table":8,"minecraft:short_grass":49,"minecraft:blast_furnace":1,"minecraft:poppy":1,"minecraft:melon":21,"minecraft:chest":2,"minecraft:rose_bush":10,"minecraft:copper_ore":2,"minecraft:lectern":2,"minecraft:cobblestone":21,"minecraft:glass":24,"minecraft:tall_grass":5,"minecraft:deepslate_gold_ore":19,"minecraft:sugar_cane":27,"minecraft:oak_planks":108,"minecraft:wall_torch":1,"minecraft:diorite":3,"minecraft:spruce_stairs":2,"minecraft:pink_petals":19,"minecraft:seagrass":1,"minecraft:birch_log":27,"minecraft:wheat":25,"minecraft:lilac":1,"minecraft:spruce_log":12,"minecraft:coal_ore":66,"minecraft:oak_log":52,"minecraft:sunflower":6,"minecraft:sand":103,"minecraft:dirt":147,"minecraft:cobweb":6,"minecraft:cracked_stone_bricks":1,"minecraft:stonecutter":1,"minecraft:stone_bricks":19,"minecraft:netherrack":3,"minecraft:oak_leaves":16,"minecraft:deepslate":19}},"DataVersion":3700}