{"stats":{"minecraft:custom":{"minecraft:animals_bred":11,"minecraft:interact_with_crafting_table":104,"minecraft:open_barrel":5,"minecraft:leave_game":12,"minecraft:time_since_death":185969,"minecraft:sprint_one_cm":1626723,"minecraft:damage_blocked_by_shield":435,"minecraft:drop":54,"minecraft:talked_to_villager":4,"minecraft:play_time":402398,"minecraft:deaths":4,"minecraft:jump":8147,"minecraft:walk_on_water_one_cm":45855,"minecraft:interact_with_furnace":139,"minecraft:sleep_in_bed":36,"minecraft:damage_dealt":7213,"minecraft:player_kills":8,"minecraft:crouch_one_cm":65106,"minecraft:horse_one_cm":2090,"minecraft:interact_with_smithing_table":2,"minecraft:mob_kills":51,"minecraft:climb_one_cm":785,"minecraft:walk_one_cm":886783,"minecraft:damage_dealt_absorbed":40,"minecraft:sneak_time":17052,"minecraft:walk_under_water_one_cm":36204,"minecraft:boat_one_cm":142789,"minecraft:total_world_time":402398,"minecraft:interact_with_stonecutter":24,"minecraft:time_since_rest":8264,"minecraft:damage_taken":4226,"minecraft:damage_absorbed":40,"minecraft:swim_one_cm":134658,"minecraft:fly_one_cm":1966374,"minecraft:open_chest":280,"minecraft:fall_one_cm":222300},"minecraft:picked_up":{"minecraft:iron_chestplate":2,"minecraft:wheat":23,"minecraft:suspicious_stew":1,"minecraft:smithing_table":4,"minecraft:oak_stairs":51,"minecraft:stone_brick_stairs":2,"minecraft:string":8,"minecraft:raw_copper":15,"minecraft:shroomlight":3,"minecraft:diamond_leggings":1,"minecraft:gold_nugget":36,"minecraft:cobbled_deepslate":17,"minecraft:bucket":1,"minecraft:spruce_planks":48,"minecraft:rose_bush":14,"minecraft:iron_pickaxe":1,"minecraft:melon_slice":112,"minecraft:furnace":5,"minecraft:stick":56,"minecraft:oak_fence":8,"minecraft:torch":29,"minecraft:acacia_log":9,"minecraft:spruce_stairs":23,"minecraft:porkchop":5,"minecraft:diorite":3,"minecraft:golden_chestplate":4,"minecraft:orange_bed":3,"minecraft:stone_sword":3,"minecraft:rotten_flesh":10,"minecraft:bookshelf":11,"minecraft:obsidian":16,"minecraft:cobblestone":1926,"minecraft:enchanting_table":1,"minecraft:birch_log":27,"minecraft:pink_petals":57,"minecraft:leather_chestplate":1,"minecraft:cooked_beef":2,"minecraft:birch_slab":7,"minecraft:water_bucket":4,"minecraft:golden_leggings":2,"minecraft:potato":23,"minecraft:flint":3,"minecraft:tuff":1,"minecraft:dirt":468,"minecraft:lantern":1,"minecraft:bone":6,"minecraft:glass":31,"minecraft:stonecutter":2,"minecraft:wheat_seeds":121,"minecraft:raw_gold":28,"minecraft:oak_planks":172,"minecraft:stone_hoe":2,"minecraft:sand":172,"minecraft:ink_sac":1,"minecraft:diamond":42,"minecraft:bone_meal":2,"minecraft:golden_apple":1,"minecraft:bread":160,"minecraft:oak_sapling":1,"minecraft:netherrack":107,"minecraft:diamond_pickaxe":3,"minecraft:crafting_table":11,"minecraft:wooden_pickaxe":1,"minecraft:gold_block":5,"minecraft:shield":3,"minecraft:cornflower":1,"minecraft:red_bed":2,"minecraft:iron_axe":1,"minecraft:iron_shovel":4,"minecraft:beef":37,"minecraft:oak_boat":4,"minecraft:player_head":1,"minecraft:poppy":4,"minecraft:lectern":8,"minecraft:sugar_cane":488,"minecraft:chest":10,"minecraft:sandstone":23,"minecraft:raw_iron":20,"minecraft:oak_door":4,"minecraft:bowl":4,"minecraft:carrot":72,"minecraft:redstone":17,"minecraft:stone_shovel":1,"minecraft:arrow":6,"minecraft:diamond_chestplate":3,"minecraft:hay_block":46,"minecraft:mutton":9,"minecraft:white_wool":2,"minecraft:stripped_oak_log":14,"minecraft:salmon":3,"minecraft:leather":11,"minecraft:birch_planks":36,"minecraft:oak_log":124,"minecraft:gunpowder":1,"minecraft:white_banner":1,"minecraft:apple":21,"minecraft:stone_bricks":93,"minecraft:stone_pickaxe":7,"minecraft:iron_ingot":6,"minecraft:iron_sword":2,"minecraft:book":105,"minecraft:oak_slab":9,"minecraft:stone_brick_slab":38,"minecraft:quartz":24,"minecraft:dandelion":19,"minecraft:gravel":11,"minecraft:birch_stairs":3,"minecraft:spruce_sapling":76,"minecraft:blast_furnace":1,"minecraft:white_bed":1,"minecraft:spruce_log":220,"minecraft:spider_eye":1,"minecraft:iron_helmet":1,"minecraft:warped_roots":2,"minecraft:melon_seeds":2,"minecraft:coal":94,"minecraft:ender_pearl":2,"minecraft:sunflower":12},"minecraft:broken":{"minecraft:iron_shovel":2,"minecraft:wooden_shovel":1,"minecraft:stone_pickaxe":1,"minecraft:stone_axe":2,"minecraft:iron_axe":1,"minecraft:iron_pickaxe":2},"minecraft:killed_by":{"minecraft:player":3},"minecraft:killed":{"minecraft:cave_spider":1,"minecraft:witch":1,"minecraft:spider":2,"minecraft:skeleton":4,"minecraft:pig":2,"minecraft:salmon":3,"minecraft:sheep":2,"minecraft:pillager":2,"minecraft:zombie":9,"minecraft:cow":12,"minecraft:enderman":2},"minecraft:mined":{"minecraft:spruce_planks":49,"minecraft:white_bed":1,"minecraft:obsidian":16,"minecraft:acacia_log":9,"minecraft:grass_block":252,"minecraft:spawner":1,"minecraft:iron_ore":13,"minecraft:fire":4,"minecraft:enchanting_table":1,"minecraft:dirt_path":2,"minecraft:oak_stairs":47,"minecraft:orange_bed":3,"minecraft:deepslate_redstone_ore":4,"minecraft:red_bed":2,"minecraft:melon_stem":1,"minecraft:torch":2,"minecraft:blast_furnace":1,"minecraft:poppy":1,"minecraft:melon":21,"minecraft:chest":10,"minecraft:nether_quartz_ore":26,"minecraft:glass":24,"minecraft:cobblestone":82,"minecraft:sugar_cane":196,"minecraft:oak_planks":148,"minecraft:wall_torch":8,"minecraft:pink_petals":19,"minecraft:seagrass":1,"minecraft:warped_nylium":6,"minecraft:birch_log":27,"minecraft:wheat":48,"minecraft:lilac":1,"minecraft:stone_brick_stairs":2,"minecraft:oak_log":52,"minecraft:sand":111,"minecraft:dirt":173,"minecraft:stonecutter":2,"minecraft:netherrack":113,"minecraft:oak_leaves":16,"minecraft:deepslate":19,"minecraft:nether_gold_ore":10,"minecraft:tuff":1,"minecraft:deepslate_diamond_ore":24,"minecraft:oak_door":4,"minecraft:birch_slab":7,"minecraft:spruce_leaves":98,"minecraft:hay_block":35,"minecraft:furnace":5,"minecraft:spruce_sapling":7,"minecraft:carrots":27,"minecraft:gold_block":4,"minecraft:bookshelf":19,"minecraft:potatoes":6,"minecraft:shroomlight":3,"minecraft:deepslate_iron_ore":7,"minecraft:lantern":1,"minecraft:stripped_oak_log":14,"minecraft:stone":1608,"minecraft:smithing_table":2,"minecraft:oak_slab":9,"minecraft:birch_stairs":3,"minecraft:acacia_leaves":1,"minecraft:glass_pane":2,"minecraft:stone_brick_slab":43,"minecraft:dandelion":2,"minecraft:oak_fence":3,"minecraft:crafting_table":12,"minecraft:short_grass":56,"minecraft:rose_bush":11,"minecraft:lectern":2,"minecraft:copper_ore":5,"minecraft:tall_grass":6,"minecraft:deepslate_gold_ore":19,"minecraft:diorite":3,"minecraft:spruce_stairs":22,"minecraft:birch_planks":1,"minecraft:spruce_log":223,"minecraft:coal_ore":77,"minecraft:sunflower":6,"minecraft:gravel":13,"minecraft:cobweb":6,"minecraft:cracked_stone_bricks":1,"minecraft:stone_bricks":90},"minecraft:crafted":{"minecraft:grindstone":1,"minecraft:oak_planks":456,"minecraft:barrel":3,"minecraft:birch_slab":18,"minecraft:stone":337,"minecraft:diamond_shovel":1,"minecraft:bookshelf":33,"minecraft:glass":47,"minecraft:stone_brick_slab":200,"minecraft:diamond_leggings":1,"minecraft:chest":16,"minecraft:oak_fence":6,"minecraft:oak_slab":36,"minecraft:crafting_table":4,"minecraft:spruce_planks":672,"minecraft:wooden_pickaxe":1,"minecraft:iron_helmet":1,"minecraft:birch_planks":32,"minecraft:stone_brick_stairs":8,"minecraft:book":49,"minecraft:paper":162,"minecraft:diamond_pickaxe":1,"minecraft:shield":1,"minecraft:stick":40,"minecraft:iron_ingot":22,"minecraft:iron_pickaxe":2,"minecraft:stone_sword":1,"minecraft:birch_stairs":4,"minecraft:golden_carrot":4,"minecraft:oak_door":3,"minecraft:iron_nugget":9,"minecraft:furnace":2,"minecraft:bone_meal":9,"minecraft:glass_pane":48,"minecraft:flint_and_steel":1,"minecraft:lantern":2,"minecraft:spruce_stairs":84,"minecraft:iron_axe":2,"minecraft:stone_pickaxe":4,"minecraft:wheat":315,"minecraft:cooked_beef":25,"minecraft:red_dye":1,"minecraft:enchanting_table":1,"minecraft:iron_sword":2,"minecraft:red_bed":1,"minecraft:cooked_salmon":1,"minecraft:bucket":1,"minecraft:stone_axe":3,"minecraft:bread":105,"minecraft:air":0,"minecraft:oak_boat":1,"minecraft:acacia_sign":3,"minecraft:oak_stairs":32,"minecraft:iron_shovel":2,"minecraft:acacia_planks":36,"minecraft:torch":52,"minecraft:diamond_chestplate":1},"minecraft:used":{"minecraft:iron_shovel":508,"minecraft:chest":23,"minecraft:shield":10,"minecraft:stone":1,"minecraft:iron_sword":177,"minecraft:carrot":21,"minecraft:tuff":1,"minecraft:obsidian":12,"minecraft:glass":24,"minecraft:lava_bucket":31,"minecraft:lantern":3,"minecraft:stone_brick_stairs":10,"minecraft:stone_bricks":283,"minecraft:furnace":7,"minecraft:potato":23,"minecraft:diorite":2,"minecraft:stone_pickaxe":421,"minecraft:oak_planks":159,"minecraft:wooden_pickaxe":21,"minecraft:sugar_cane":102,"minecraft:golden_apple":1,"minecraft:sand":16,"minecraft:birch_slab":9,"minecraft:melon_slice":7,"minecraft:bread":59,"minecraft:gravel":9,"minecraft:grindstone":1,"minecraft:smithing_table":1,"minecraft:oak_boat":4,"minecraft:bone_meal":8,"minecraft:oak_fence":8,"minecraft:rose_bush":8,"minecraft:enchanting_table":2,"minecraft:stone_sword":7,"minecraft:flint_and_steel":10,"minecraft:stone_shovel":128,"minecraft:spruce_planks":416,"minecraft:wooden_shovel":44,"minecraft:cooked_salmon":1,"minecraft:stone_hoe":68,"minecraft:netherrack":57,"minecraft:oak_door":6,"minecraft:orange_bed":3,"minecraft:torch":36,"minecraft:dirt":302,"minecraft:spruce_stairs":103,"minecraft:stone_brick_slab":236,"minecraft:bookshelf":40,"minecraft:iron_axe":474,"minecraft:oak_stairs":65,"minecraft:barrel":3,"minecraft:cooked_beef":25,"minecraft:wheat_seeds":40,"minecraft:water_bucket":50,"minecraft:stonecutter":2,"minecraft:oak_slab":34,"minecraft:crafting_table":15,"minecraft:red_bed":3,"minecraft:white_bed":1,"minecraft:spruce_log":48,"minecraft:oak_log":17,"minecraft:diamond_pickaxe":1298,"minecraft:apple":1,"minecraft:diamond_shovel":91,"minecraft:acacia_sign":1,"minecraft:suspicious_stew":1,"minecraft:iron_pickaxe":500,"minecraft:spruce_sapling":76,"minecraft:stone_axe":286,"minecraft:cobblestone":127,"minecraft:white_banner":1,"minecraft:bucket":81,"minecraft:glass_pane":34,"minecraft:dandelion":1,"minecraft:birch_stairs":6},"minecraft:dropped":{"minecraft:iron_sword":1,"minecraft:cooked_beef":2,"minecraft:dirt":7,"minecraft:sand":56,"minecraft:iron_pickaxe":1,"minecraft:oak_door":1,"minecraft:gravel":2,"minecraft:golden_chestplate":2,"minecraft:wheat":14,"minecraft:oak_planks":4,"minecraft:carrot":7,"minecraft:poppy":3,"minecraft:leather_chestplate":1,"minecraft:arrow":1,"minecraft:glass":6,"minecraft:stone_hoe":1,"minecraft:water_bucket":1,"minecraft:bread":92,"minecraft:wheat_seeds":3,"minecraft:cobblestone":149,"minecraft:spruce_stairs":1,"minecraft:stick":1,"minecraft:rose_bush":1,"minecraft:dandelion":8,"minecraft:player_head":1,"minecraft:stone_sword":2,"minecraft:bowl":2,"minecraft:shield":1,"minecraft:diamond_pickaxe":1,"minecraft:stone_pickaxe":7}},"DataVersion":3700}