{"stats":{"minecraft:killed_by":{"minecraft:player":1,"minecraft:skeleton":3,"minecraft:zombie":1},"minecraft:used":{"minecraft:stone_pickaxe":221,"minecraft:stone_shovel":209,"minecraft:oak_sign":3,"minecraft:poppy":1,"minecraft:chest":2,"minecraft:wooden_pickaxe":13,"minecraft:birch_boat":3,"minecraft:orange_bed":2,"minecraft:wooden_shovel":59,"minecraft:cooked_salmon":7,"minecraft:salmon":3,"minecraft:dirt":9,"minecraft:mutton":4,"minecraft:yellow_terracotta":1,"minecraft:crafting_table":6,"minecraft:carrot":9,"minecraft:white_bed":5,"minecraft:dark_oak_planks":6,"minecraft:wooden_axe":56,"minecraft:chicken":5,"minecraft:smooth_sandstone":5,"minecraft:stone_axe":95,"minecraft:goat_horn":2,"minecraft:porkchop":5,"minecraft:sandstone_slab":1,"minecraft:red_dye":1},"minecraft:dropped":{"minecraft:stone_axe":1,"minecraft:porkchop":7,"minecraft:wheat_seeds":3,"minecraft:sandstone_slab":1,"minecraft:rotten_flesh":3,"minecraft:stone_shovel":1,"minecraft:cobblestone":1,"minecraft:feather":1,"minecraft:acacia_log":8,"minecraft:salmon":2,"minecraft:gold_block":14,"minecraft:filled_map":2,"minecraft:sandstone_wall":2,"minecraft:dirt":1,"minecraft:hay_block":14,"minecraft:beef":10,"minecraft:smooth_sandstone":2,"minecraft:white_wool":2,"minecraft:chiseled_sandstone":1},"minecraft:custom":{"minecraft:mob_kills":36,"minecraft:interact_with_crafting_table":18,"minecraft:leave_game":2,"minecraft:time_since_death":0,"minecraft:sleep_in_bed":6,"minecraft:time_since_rest":25,"minecraft:sprint_one_cm":147402,"minecraft:damage_taken":2095,"minecraft:walk_one_cm":252298,"minecraft:drop":76,"minecraft:damage_dealt":3180,"minecraft:swim_one_cm":67711,"minecraft:fly_one_cm":338508,"minecraft:open_chest":44,"minecraft:crouch_one_cm":1316,"minecraft:play_time":81566,"minecraft:deaths":5,"minecraft:sneak_time":475,"minecraft:walk_under_water_one_cm":27126,"minecraft:boat_one_cm":192659,"minecraft:jump":1766,"minecraft:walk_on_water_one_cm":15289,"minecraft:total_world_time":81566,"minecraft:horse_one_cm":3847,"minecraft:fall_one_cm":59576},"minecraft:broken":{"minecraft:stone_pickaxe":1,"minecraft:wooden_shovel":1,"minecraft:wooden_axe":1,"minecraft:stone_shovel":2},"minecraft:killed":{"minecraft:husk":3,"minecraft:pig":2,"minecraft:salmon":3,"minecraft:sheep":17,"minecraft:chicken":5,"minecraft:cow":6},"minecraft:picked_up":{"minecraft:stripped_oak_log":6,"minecraft:birch_log":7,"minecraft:crafting_table":6,"minecraft:sandstone_slab":3,"minecraft:feather":4,"minecraft:sentry_armor_trim_smithing_template":2,"minecraft:chicken":5,"minecraft:salmon":6,"minecraft:leather":4,"minecraft:filled_map":2,"minecraft:gold_block":31,"minecraft:flint":5,"minecraft:oak_log":5,"minecraft:gunpowder":4,"minecraft:string":4,"minecraft:orange_terracotta":3,"minecraft:dirt":12,"minecraft:raw_copper":7,"minecraft:cooked_salmon":7,"minecraft:cooked_mutton":1,"minecraft:orange_glazed_terracotta":2,"minecraft:smooth_sandstone":10,"minecraft:bone":4,"minecraft:experience_bottle":1,"minecraft:oak_sign":2,"minecraft:wheat_seeds":4,"minecraft:stone_pickaxe":1,"minecraft:beef":49,"minecraft:poppy":1,"minecraft:light_gray_wool":1,"minecraft:stick":3,"minecraft:birch_boat":3,"minecraft:pumpkin":10,"minecraft:torch":1,"minecraft:acacia_log":17,"minecraft:gravel":3,"minecraft:sandstone_wall":4,"minecraft:porkchop":23,"minecraft:sand":268,"minecraft:blast_furnace":2,"minecraft:white_bed":4,"minecraft:chiseled_sandstone":2,"minecraft:goat_horn":1,"minecraft:orange_bed":4,"minecraft:arrow":9,"minecraft:rotten_flesh":17,"minecraft:stone_shovel":3,"minecraft:stone_axe":2,"minecraft:hay_block":22,"minecraft:yellow_terracotta":1,"minecraft:bone_meal":1,"minecraft:gray_wool":1,"minecraft:mutton":25,"minecraft:coal":12,"minecraft:white_wool":22,"minecraft:cobblestone":205,"minecraft:oxeye_daisy":2},"minecraft:crafted":{"minecraft:red_dye":3,"minecraft:oak_planks":20,"minecraft:wooden_shovel":1,"minecraft:oak_sign":3,"minecraft:crafting_table":2,"minecraft:wooden_pickaxe":1,"minecraft:birch_boat":1,"minecraft:birch_planks":28,"minecraft:stone_axe":2,"minecraft:stick":24,"minecraft:stone_pickaxe":2,"minecraft:wooden_axe":2,"minecraft:chest":2,"minecraft:white_bed":1,"minecraft:acacia_planks":20,"minecraft:dark_oak_planks":12},"minecraft:mined":{"minecraft:sandstone_slab":1,"minecraft:glass_pane":1,"minecraft:white_bed":4,"minecraft:orange_terracotta":1,"minecraft:smooth_sandstone":5,"minecraft:blast_furnace":1,"minecraft:crafting_table":6,"minecraft:short_grass":27,"minecraft:acacia_log":5,"minecraft:grass_block":9,"minecraft:poppy":1,"minecraft:copper_ore":2,"minecraft:kelp":2,"minecraft:oak_wall_sign":1,"minecraft:oxeye_daisy":1,"minecraft:tall_seagrass":1,"minecraft:birch_log":7,"minecraft:pumpkin":10,"minecraft:coal_ore":12,"minecraft:oak_log":5,"minecraft:oak_sign":1,"minecraft:dirt":2,"minecraft:gravel":3,"minecraft:sand":268,"minecraft:stripped_oak_log":6,"minecraft:stone":204,"minecraft:orange_glazed_terracotta":1,"minecraft:yellow_terracotta":1,"minecraft:oak_leaves":4,"minecraft:orange_bed":3}},"DataVersion":3700}