{"stats":{"minecraft:killed_by":{"minecraft:player":2,"minecraft:skeleton":1},"minecraft:used":{"minecraft:wooden_axe":2,"minecraft:stone_sword":14,"minecraft:stone_pickaxe":12,"minecraft:wooden_pickaxe":14,"minecraft:golden_leggings":1,"minecraft:iron_chestplate":1,"minecraft:cobblestone":7,"minecraft:crafting_table":2,"minecraft:golden_chestplate":1},"minecraft:dropped":{"minecraft:wheat_seeds":1,"minecraft:golden_chestplate":1,"minecraft:golden_leggings":1},"minecraft:custom":{"minecraft:time_since_rest":429,"minecraft:sprint_one_cm":45095,"minecraft:damage_taken":1300,"minecraft:walk_one_cm":26622,"minecraft:drop":3,"minecraft:damage_dealt":195,"minecraft:interact_with_crafting_table":3,"minecraft:fly_one_cm":79772,"minecraft:open_chest":3,"minecraft:play_time":9125,"minecraft:deaths":5,"minecraft:walk_under_water_one_cm":1785,"minecraft:jump":413,"minecraft:leave_game":1,"minecraft:walk_on_water_one_cm":2481,"minecraft:time_since_death":413,"minecraft:total_world_time":9125,"minecraft:fall_one_cm":29400},"minecraft:picked_up":{"minecraft:wooden_axe":1,"minecraft:stick":1,"minecraft:crafting_table":2,"minecraft:wooden_pickaxe":1,"minecraft:oak_log":7,"minecraft:stone_sword":1,"minecraft:wheat_seeds":1,"minecraft:stone_pickaxe":1,"minecraft:oak_planks":10,"minecraft:cobblestone":45},"minecraft:crafted":{"minecraft:oak_planks":24,"minecraft:crafting_table":1,"minecraft:stick":8,"minecraft:wooden_pickaxe":1,"minecraft:stone_pickaxe":1,"minecraft:wooden_axe":1,"minecraft:stone_sword":1},"minecraft:mined":{"minecraft:birch_leaves":1,"minecraft:bee_nest":1,"minecraft:crafting_table":2,"minecraft:short_grass":3,"minecraft:oak_log":7,"minecraft:stone":26,"minecraft:oak_leaves":10}},"DataVersion":3700}