{"stats":{"minecraft:custom":{"minecraft:time_since_rest":2200,"minecraft:crouch_one_cm":985,"minecraft:deaths":1,"minecraft:play_time":7172,"minecraft:sprint_one_cm":19620,"minecraft:damage_taken":260,"minecraft:walk_one_cm":22641,"minecraft:sneak_time":212,"minecraft:walk_under_water_one_cm":1097,"minecraft:mob_kills":3,"minecraft:jump":168,"minecraft:damage_dealt":300,"minecraft:leave_game":1,"minecraft:walk_on_water_one_cm":3689,"minecraft:time_since_death":2176,"minecraft:total_world_time":7172,"minecraft:swim_one_cm":34708,"minecraft:interact_with_crafting_table":2,"minecraft:fall_one_cm":7785,"minecraft:fly_one_cm":36408},"minecraft:picked_up":{"minecraft:crafting_table":1,"minecraft:stick":2,"minecraft:leather":3,"minecraft:beef":3,"minecraft:porkchop":3,"minecraft:oak_log":8,"minecraft:cobblestone":16},"minecraft:killed":{"minecraft:pig":1,"minecraft:cow":2},"minecraft:killed_by":{"minecraft:pufferfish":1},"minecraft:mined":{"minecraft:short_grass":1,"minecraft:oak_log":8,"minecraft:stone":16,"minecraft:crafting_table":1,"minecraft:oak_leaves":9},"minecraft:crafted":{"minecraft:stone_sword":1,"minecraft:oak_planks":16,"minecraft:stone_axe":1,"minecraft:crafting_table":1,"minecraft:stick":8,"minecraft:wooden_pickaxe":1,"minecraft:stone_pickaxe":1},"minecraft:used":{"minecraft:stone_axe":2,"minecraft:crafting_table":1,"minecraft:wooden_pickaxe":16}},"DataVersion":3700}