{"stats":{"minecraft:custom":{"minecraft:time_since_rest":13893,"minecraft:walk_one_cm":250290,"minecraft:sprint_one_cm":125267,"minecraft:damage_taken":220,"minecraft:mob_kills":3,"minecraft:drop":13,"minecraft:damage_dealt":431,"minecraft:interact_with_crafting_table":1,"minecraft:fly_one_cm":667355,"minecraft:open_chest":17,"minecraft:crouch_one_cm":891,"minecraft:play_time":72679,"minecraft:sneak_time":640,"minecraft:jump":312,"minecraft:leave_game":2,"minecraft:walk_on_water_one_cm":573,"minecraft:time_since_death":72679,"minecraft:sleep_in_bed":5,"minecraft:total_world_time":72679,"minecraft:fall_one_cm":335},"minecraft:picked_up":{"minecraft:gunpowder":2,"minecraft:rotten_flesh":3,"minecraft:diamond":1,"minecraft:wheat_seeds":9,"minecraft:player_head":1,"minecraft:sugar_cane":8},"minecraft:dropped":{"minecraft:red_bed":1,"minecraft:bookshelf":12},"minecraft:killed":{"minecraft:creeper":2},"minecraft:crafted":{"minecraft:knowledge_book":64},"minecraft:used":{"minecraft:cooked_mutton":1,"minecraft:sticky_piston":4,"minecraft:glass":2,"minecraft:netherite_sword":5,"minecraft:writable_book":2,"minecraft:lava_bucket":280,"minecraft:netherite_shovel":200,"minecraft:bookshelf":58,"minecraft:quartz_pillar":28,"minecraft:lantern":19,"minecraft:grass_block":1301,"minecraft:oak_stairs":2,"minecraft:redstone":6,"minecraft:quartz_block":172,"minecraft:oak_sign":3,"minecraft:redstone_block":2,"minecraft:smooth_quartz":130,"minecraft:lime_dye":4,"minecraft:sugar_cane":3,"minecraft:glow_ink_sac":7,"minecraft:player_head":23,"minecraft:stone_bricks":20,"minecraft:dirt":1,"minecraft:red_bed":1,"minecraft:yellow_concrete":366,"minecraft:stone_pressure_plate":2,"minecraft:red_dye":3,"minecraft:oak_hanging_sign":4,"minecraft:blue_concrete":201,"minecraft:obsidian":1}},"DataVersion":3700}