{"stats":{"minecraft:killed_by":{"minecraft:wolf":4},"minecraft:used":{"minecraft:crafting_table":1,"minecraft:white_bed":1,"minecraft:wooden_pickaxe":1,"minecraft:wooden_axe":7},"minecraft:custom":{"minecraft:time_since_rest":5070,"minecraft:damage_taken":1235,"minecraft:play_time":10925,"minecraft:sprint_one_cm":11149,"minecraft:walk_one_cm":10176,"minecraft:deaths":4,"minecraft:sneak_time":5,"minecraft:jump":122,"minecraft:damage_dealt":39,"minecraft:leave_game":2,"minecraft:time_since_death":1623,"minecraft:sleep_in_bed":1,"minecraft:total_world_time":10925,"minecraft:interact_with_crafting_table":3,"minecraft:fall_one_cm":8655,"minecraft:fly_one_cm":18475},"minecraft:picked_up":{"minecraft:wooden_axe":1,"minecraft:birch_log":6,"minecraft:wooden_sword":1,"minecraft:stick":6,"minecraft:crafting_table":4,"minecraft:wooden_pickaxe":2,"minecraft:birch_planks":24,"minecraft:oak_log":18,"minecraft:white_bed":1,"minecraft:egg":2},"minecraft:crafted":{"minecraft:wooden_sword":1,"minecraft:birch_planks":24,"minecraft:crafting_table":1,"minecraft:stick":8,"minecraft:wooden_pickaxe":1,"minecraft:wooden_axe":1},"minecraft:mined":{"minecraft:short_grass":2,"minecraft:oak_log":10,"minecraft:white_bed":1,"minecraft:birch_log":6,"minecraft:oak_leaves":2,"minecraft:crafting_table":1}},"DataVersion":3700}