{"stats":{"minecraft:killed_by":{"minecraft:wolf":1},"minecraft:used":{"minecraft:light_gray_dye":1,"minecraft:stone_shovel":157,"minecraft:oak_sign":1,"minecraft:chest":1,"minecraft:stone":2,"minecraft:wooden_shovel":16,"minecraft:torch":4,"minecraft:dirt":91,"minecraft:mutton":4,"minecraft:spruce_stairs":1,"minecraft:granite":20,"minecraft:oak_fence_gate":3,"minecraft:stone_brick_slab":4,"minecraft:wooden_axe":93,"minecraft:stone_bricks":103,"minecraft:beef":17,"minecraft:goat_horn":1,"minecraft:furnace":4,"minecraft:cooked_beef":3,"minecraft:red_dye":1,"minecraft:cooked_mutton":2,"minecraft:water_bucket":1,"minecraft:cobblestone_stairs":43,"minecraft:stone_pickaxe":418,"minecraft:wooden_pickaxe":78,"minecraft:glow_ink_sac":1,"minecraft:blue_dye":1,"minecraft:sand":10,"minecraft:yellow_terracotta":2,"minecraft:crafting_table":14,"minecraft:red_bed":2,"minecraft:white_bed":7,"minecraft:yellow_dye":1,"minecraft:apple":2,"minecraft:chicken":3,"minecraft:bread":15,"minecraft:spruce_trapdoor":1,"minecraft:spruce_sapling":3,"minecraft:stone_axe":60,"minecraft:pink_petals":4,"minecraft:wooden_sword":31,"minecraft:cobblestone":49,"minecraft:porkchop":4,"minecraft:bucket":1,"minecraft:oak_boat":4},"minecraft:dropped":{"minecraft:bread":10,"minecraft:apple":1,"minecraft:spruce_stairs":1,"minecraft:white_banner":1,"minecraft:stone_axe":1,"minecraft:goat_horn":1,"minecraft:white_bed":1,"minecraft:beef":2,"minecraft:wooden_pickaxe":1},"minecraft:broken":{"minecraft:stone_pickaxe":3,"minecraft:wooden_axe":2,"minecraft:stone_shovel":1},"minecraft:custom":{"minecraft:mob_kills":20,"minecraft:interact_with_crafting_table":35,"minecraft:bell_ring":2,"minecraft:leave_game":2,"minecraft:time_since_death":35233,"minecraft:sprint_one_cm":178943,"minecraft:walk_one_cm":405597,"minecraft:drop":19,"minecraft:play_time":100969,"minecraft:deaths":3,"minecraft:sneak_time":593,"minecraft:walk_under_water_one_cm":23883,"minecraft:boat_one_cm":143811,"minecraft:jump":2931,"minecraft:walk_on_water_one_cm":17117,"minecraft:total_world_time":100969,"minecraft:interact_with_furnace":31,"minecraft:interact_with_stonecutter":1,"minecraft:sleep_in_bed":12,"minecraft:time_since_rest":8926,"minecraft:damage_taken":2142,"minecraft:damage_dealt":2604,"minecraft:swim_one_cm":32063,"minecraft:fly_one_cm":552532,"minecraft:open_chest":48,"minecraft:crouch_one_cm":3352,"minecraft:fall_one_cm":75793,"minecraft:horse_one_cm":253136},"minecraft:killed":{"minecraft:chicken":4,"minecraft:pig":5,"minecraft:creeper":1,"minecraft:sheep":4,"minecraft:cow":6},"minecraft:picked_up":{"minecraft:wooden_axe":1,"minecraft:crafting_table":11,"minecraft:chicken":4,"minecraft:cornflower":1,"minecraft:red_bed":2,"minecraft:wooden_sword":1,"minecraft:beef":14,"minecraft:oak_boat":4,"minecraft:poppy":1,"minecraft:egg":2,"minecraft:furnace":2,"minecraft:stick":9,"minecraft:sandstone":12,"minecraft:torch":17,"minecraft:acacia_log":6,"minecraft:spruce_stairs":4,"minecraft:porkchop":12,"minecraft:diorite":20,"minecraft:stone_shovel":1,"minecraft:yellow_terracotta":2,"minecraft:saddle":1,"minecraft:mutton":5,"minecraft:oxeye_daisy":1,"minecraft:white_wool":11,"minecraft:cobblestone":442,"minecraft:stripped_oak_log":2,"minecraft:birch_log":6,"minecraft:pink_petals":4,"minecraft:feather":2,"minecraft:water_bucket":1,"minecraft:leather":6,"minecraft:yellow_dye":1,"minecraft:birch_planks":8,"minecraft:oak_log":28,"minecraft:cobblestone_stairs":39,"minecraft:dirt":270,"minecraft:white_banner":1,"minecraft:name_tag":1,"minecraft:apple":3,"minecraft:stone_bricks":73,"minecraft:wheat_seeds":6,"minecraft:stone_pickaxe":1,"minecraft:oak_fence_gate":3,"minecraft:oak_planks":3,"minecraft:pumpkin":20,"minecraft:stone_brick_slab":12,"minecraft:sand":24,"minecraft:spruce_sapling":3,"minecraft:white_bed":8,"minecraft:spruce_log":5,"minecraft:stone_axe":2,"minecraft:granite":20,"minecraft:bread":36,"minecraft:emerald":1,"minecraft:oak_sapling":2,"minecraft:black_wool":1,"minecraft:coal":3},"minecraft:crafted":{"minecraft:wooden_sword":2,"minecraft:oak_planks":64,"minecraft:stone_shovel":2,"minecraft:furnace":2,"minecraft:cobblestone_stairs":12,"minecraft:stone":27,"minecraft:stone_pickaxe":5,"minecraft:chest":1,"minecraft:stone_bricks":32,"minecraft:cooked_beef":3,"minecraft:red_dye":1,"minecraft:wooden_shovel":1,"minecraft:crafting_table":5,"minecraft:spruce_planks":20,"minecraft:wooden_pickaxe":3,"minecraft:birch_planks":12,"minecraft:stone_axe":1,"minecraft:air":0,"minecraft:blue_dye":1,"minecraft:oak_boat":1,"minecraft:spruce_trapdoor":2,"minecraft:stick":36,"minecraft:wooden_axe":3,"minecraft:sandstone":2,"minecraft:light_gray_dye":1,"minecraft:white_bed":1,"minecraft:acacia_planks":12},"minecraft:mined":{"minecraft:yellow_terracotta":2,"minecraft:white_bed":5,"minecraft:cobblestone_stairs":31,"minecraft:granite":22,"minecraft:acacia_log":2,"minecraft:grass_block":29,"minecraft:spruce_leaves":3,"minecraft:oxeye_daisy":1,"minecraft:sandstone":10,"minecraft:furnace":2,"minecraft:fire":2,"minecraft:pumpkin":10,"minecraft:stripped_oak_log":2,"minecraft:stone":372,"minecraft:acacia_leaves":2,"minecraft:red_bed":2,"minecraft:stone_brick_slab":4,"minecraft:crafting_table":10,"minecraft:cornflower":1,"minecraft:short_grass":28,"minecraft:poppy":2,"minecraft:tall_grass":4,"minecraft:cobblestone":6,"minecraft:diorite":20,"minecraft:wall_torch":1,"minecraft:pink_petals":1,"minecraft:spruce_stairs":1,"minecraft:birch_log":6,"minecraft:spruce_log":5,"minecraft:oak_log":24,"minecraft:coal_ore":3,"minecraft:oak_fence_gate":3,"minecraft:sand":27,"minecraft:dirt":173,"minecraft:stone_bricks":9,"minecraft:oak_leaves":13}},"DataVersion":3700}