{"stats":{"minecraft:killed_by":{"minecraft:wolf":1},"minecraft:used":{"minecraft:cooked_mutton":1,"minecraft:stone_shovel":26,"minecraft:stone_pickaxe":43,"minecraft:wooden_pickaxe":78,"minecraft:wooden_shovel":16,"minecraft:dirt":33,"minecraft:sand":10,"minecraft:mutton":1,"minecraft:crafting_table":7,"minecraft:white_bed":2,"minecraft:granite":3,"minecraft:wooden_axe":72,"minecraft:apple":2,"minecraft:chicken":3,"minecraft:pink_petals":4,"minecraft:wooden_sword":31,"minecraft:porkchop":4,"minecraft:oak_boat":4,"minecraft:cooked_beef":2},"minecraft:dropped":{"minecraft:apple":1,"minecraft:white_bed":1,"minecraft:wooden_pickaxe":1},"minecraft:broken":{"minecraft:wooden_axe":1},"minecraft:custom":{"minecraft:interact_with_furnace":5,"minecraft:mob_kills":11,"minecraft:interact_with_crafting_table":12,"minecraft:leave_game":1,"minecraft:time_since_death":9574,"minecraft:sleep_in_bed":4,"minecraft:time_since_rest":1,"minecraft:sprint_one_cm":45538,"minecraft:damage_taken":1064,"minecraft:walk_one_cm":121733,"minecraft:drop":3,"minecraft:damage_dealt":997,"minecraft:swim_one_cm":23597,"minecraft:fly_one_cm":131076,"minecraft:open_chest":8,"minecraft:crouch_one_cm":668,"minecraft:play_time":34000,"minecraft:deaths":2,"minecraft:sneak_time":151,"minecraft:walk_under_water_one_cm":8509,"minecraft:boat_one_cm":106887,"minecraft:jump":815,"minecraft:walk_on_water_one_cm":13304,"minecraft:total_world_time":34000,"minecraft:fall_one_cm":34431,"minecraft:horse_one_cm":5650},"minecraft:killed":{"minecraft:pig":3,"minecraft:creeper":1,"minecraft:sheep":2,"minecraft:chicken":4,"minecraft:cow":1},"minecraft:picked_up":{"minecraft:wooden_axe":1,"minecraft:birch_log":6,"minecraft:pink_petals":4,"minecraft:crafting_table":7,"minecraft:feather":2,"minecraft:chicken":4,"minecraft:leather":1,"minecraft:birch_planks":8,"minecraft:oak_log":28,"minecraft:dirt":41,"minecraft:wooden_sword":1,"minecraft:apple":3,"minecraft:wheat_seeds":1,"minecraft:beef":1,"minecraft:oak_boat":4,"minecraft:oak_planks":2,"minecraft:egg":2,"minecraft:stick":8,"minecraft:sandstone":12,"minecraft:pumpkin":10,"minecraft:porkchop":6,"minecraft:sand":24,"minecraft:diorite":1,"minecraft:white_bed":4,"minecraft:granite":17,"minecraft:oak_sapling":2,"minecraft:mutton":2,"minecraft:white_wool":2,"minecraft:cobblestone":83,"minecraft:stripped_oak_log":2},"minecraft:crafted":{"minecraft:cooked_beef":2,"minecraft:wooden_sword":2,"minecraft:oak_planks":64,"minecraft:wooden_shovel":1,"minecraft:stone_shovel":1,"minecraft:crafting_table":3,"minecraft:wooden_pickaxe":3,"minecraft:birch_planks":12,"minecraft:air":0,"minecraft:oak_boat":1,"minecraft:stick":24,"minecraft:stone_pickaxe":2,"minecraft:wooden_axe":3,"minecraft:sandstone":2},"minecraft:mined":{"minecraft:white_bed":2,"minecraft:crafting_table":6,"minecraft:granite":19,"minecraft:short_grass":11,"minecraft:grass_block":21,"minecraft:tall_grass":1,"minecraft:diorite":1,"minecraft:sandstone":10,"minecraft:pink_petals":1,"minecraft:birch_log":6,"minecraft:fire":2,"minecraft:pumpkin":10,"minecraft:oak_log":24,"minecraft:dirt":14,"minecraft:sand":27,"minecraft:stripped_oak_log":2,"minecraft:stone":87,"minecraft:oak_leaves":12}},"DataVersion":3700}