{"stats":{"minecraft:used":{"minecraft:oak_log":1,"minecraft:stone_pickaxe":18,"minecraft:oak_planks":10,"minecraft:wooden_pickaxe":10,"minecraft:wooden_shovel":2,"minecraft:stone_axe":31,"minecraft:dirt":1,"minecraft:cobblestone":11,"minecraft:crafting_table":2,"minecraft:oak_boat":3,"minecraft:white_bed":1,"minecraft:cooked_beef":5},"minecraft:dropped":{"minecraft:cooked_beef":2},"minecraft:custom":{"minecraft:time_since_rest":3974,"minecraft:interact_with_furnace":16,"minecraft:sprint_one_cm":75653,"minecraft:damage_taken":306,"minecraft:walk_one_cm":70226,"minecraft:mob_kills":2,"minecraft:drop":2,"minecraft:damage_dealt":666,"minecraft:swim_one_cm":30603,"minecraft:interact_with_crafting_table":11,"minecraft:fly_one_cm":97132,"minecraft:open_chest":1,"minecraft:crouch_one_cm":1895,"minecraft:play_time":19006,"minecraft:sneak_time":822,"minecraft:walk_under_water_one_cm":13183,"minecraft:boat_one_cm":163626,"minecraft:jump":510,"minecraft:leave_game":2,"minecraft:walk_on_water_one_cm":14084,"minecraft:time_since_death":19006,"minecraft:sleep_in_bed":1,"minecraft:total_world_time":19006,"minecraft:fall_one_cm":19369},"minecraft:killed":{"minecraft:sheep":1,"minecraft:creeper":1},"minecraft:picked_up":{"minecraft:crafting_table":2,"minecraft:acacia_log":5,"minecraft:filled_map":1,"minecraft:sand":2,"minecraft:oak_log":8,"minecraft:white_bed":2,"minecraft:dirt":3,"minecraft:kelp":5,"minecraft:beef":8,"minecraft:oak_boat":5,"minecraft:oak_sapling":5,"minecraft:mutton":1,"minecraft:acacia_sapling":1,"minecraft:oak_planks":2,"minecraft:coal":8,"minecraft:white_wool":1,"minecraft:cobblestone":20},"minecraft:crafted":{"minecraft:cooked_beef":7,"minecraft:oak_boat":1,"minecraft:oak_planks":28,"minecraft:wooden_shovel":1,"minecraft:crafting_table":1,"minecraft:stick":12,"minecraft:wooden_pickaxe":1,"minecraft:stone_pickaxe":1,"minecraft:acacia_door":3,"minecraft:acacia_planks":20,"minecraft:stone_axe":2,"minecraft:air":0},"minecraft:mined":{"minecraft:seagrass":1,"minecraft:acacia_leaves":1,"minecraft:white_bed":1,"minecraft:furnace":1,"minecraft:pumpkin":1,"minecraft:crafting_table":2,"minecraft:acacia_log":5,"minecraft:coal_ore":3,"minecraft:grass_block":3,"minecraft:oak_log":8,"minecraft:sand":5,"minecraft:dirt":1,"minecraft:stone":20,"minecraft:kelp":2,"minecraft:oak_planks":7,"minecraft:oak_leaves":4}},"DataVersion":3700}